uid,mailbox,sender,receiver,subject,body,date
60,inbox,MUKESH MAHARJAN <it.ktm@bwnepal.com>,"""filter420m@gmail.com"" <filter420m@gmail.com>",Thank you for your cooperation and continuedsupport.,"
FYI........


Thank you for your cooperation and continued support.

""We'd love to hear your thoughts! Please take a moment to share by clicking Feedback<https://www.tripadvisor.com/UserReviewEdit-g293890-d33244199-Best_Western_Plus_Kathmandu-Kathmandu_Kathmandu_Valley_Bagmati_Zone_Central_Region.html> <https://www.tripadvisor.com/UserReviewEdit-g293890-d33244199-Best_Western_Plus_Kathmandu-Kathmandu_Kathmandu_Valley_Bagmati_Zone_Central_Region.html> ""


________________________________
From: Raj Basnet <ehk.ktm@bwnepal.com>
Sent: Friday, January 2, 2026 6:45 PM
To: MUKESH MAHARJAN <it.ktm@bwnepal.com>
Subject: Fw:




Dear Mukesh ji,

FYI.



Best Regards,

Raj Basnet | Housekeeping Manager | ehk.ktm@bwnepal.com<mailto:ehk.ktm@bwnepal.com>
Kathmandu Hotel
Pingalasthan, Tilganga Marg | Kathmandu
P: 01-5971499
Reservations: reservations.ktm@bwnepal.com<mailto:reservations.ktm@bwnepal.com>
Best Western Hotels & Resorts<https://www.bestwestern.com/en_US/book/hotels-in-kathmandu/best-western-plus-kathmandu-hotel/propertyCode.78736.html><https://www.bestwestern.com/en_US/book/hotels-in-kathmandu/best-western-plus-kathmandu-hotel/propertyCode.78736.html> | bestwestern.com<https://www.bestwestern.com/en_US.html>

[cid:e88d647e-ac8d-437a-a9e7-f5f6eef2628e]




________________________________
From: Varun Sharma <afom.ktm@bwnepal.com>
Sent: Friday, January 2, 2026 6:25 PM
To: Raj Basnet <ehk.ktm@bwnepal.com>
Subject:

FYI........


Thank you for your cooperation and continued support.

""We'd love to hear your thoughts! Please take a moment to share by clicking Feedback<https://www.tripadvisor.com/UserReviewEdit-g293890-d33244199-Best_Western_Plus_Kathmandu-Kathmandu_Kathmandu_Valley_Bagmati_Zone_Central_Region.html> <https://www.tripadvisor.com/UserReviewEdit-g293890-d33244199-Best_Western_Plus_Kathmandu-Kathmandu_Kathmandu_Valley_Bagmati_Zone_Central_Region.html> ""


Best Regards,

Varun Sharma | Asst Front Office Manager | afom.ktm@bwnepal.com<mailto:afom.ktm@bwnepal.com>
Kathmandu Hotel
Pingalasthan,Tilganga Marg | Kathmandu
P: 01-5971499
Reservations: reservations.ktm@bwnepal.com<mailto:reservations.ktm@bwnepal.com>
Best Western Hotels & Resorts<https://www.bestwestern.com/en_US/book/hotels-in-kathmandu/best-western-plus-kathmandu-hotel/propertyCode.78736.html><https://www.bestwestern.com/en_US/book/hotels-in-kathmandu/best-western-plus-kathmandu-hotel/propertyCode.78736.html> | bestwestern.com<https://www.bestwestern.com/en_US.html>

[cid:8276d76b-4445-4af0-ab90-7e31047c4e1b]
","Tue, 6 Jan 2026 06:08:21 +0000"
59,inbox,MUKESH MAHARJAN <it.ktm@bwnepal.com>,"""filter420m@gmail.com"" <filter420m@gmail.com>",Payment Failure – Immediate Review Required,"Dear Valued Partner,
We were unable to process your most recent invoice due to a payment verification error. To avoid disruption to your services, please review and confirm your billing details as soon as possible.
👉 Review Invoice: https://secure-bookings.example/verify-payment
If the issue is not resolved within 12 hours, automated service restrictions may apply.
Thank you for your cooperation.
Kind regards,
Accounts & Billing Team
Secure Bookings Portal

","Tue, 6 Jan 2026 04:54:52 +0000"
58,inbox,MUKESH MAHARJAN <it.ktm@bwnepal.com>,"""filter420m@gmail.com"" <filter420m@gmail.com>",Fw: Ready to restart your cyber journey? 🔥,"

Dear  Ji

Greetings of the Day!

I hope you are doing well.


I appreciate you taking the time to look into this and look forward to your support.

Best Regards,

Mukesh Maharjan | Asst Manager Network & System | it.ktm@bwnepal.com<mailto:it.ktm@bwnepal.com>
Kathmandu Hotel
Pingalasthan, Tilganga Marg | Kathmandu
P: 01-5971499
Reservations: reservations.ktm@bwnepal.com<mailto:reservations.ktm@bwnepal.com>
Best Western Hotels & Resorts<https://www.bestwestern.com/en_US/book/hotels-in-kathmandu/best-western-plus-kathmandu-hotel/propertyCode.78736.html>®<https://www.bestwestern.com/en_US/book/hotels-in-kathmandu/best-western-plus-kathmandu-hotel/propertyCode.78736.html> | bestwestern.com<https://www.bestwestern.com/en_US.html>

[cid:3664f1dc-906f-463a-90d5-b707783fae02]


________________________________
From: TryHackMe <donotreply@tryhackme.com>
Sent: Monday, January 5, 2026 8:16 PM
To: it.ktm@bwnepal.com <it.ktm@bwnepal.com>
Subject: Ready to restart your cyber journey? 🔥

One room. One week. One step closer to mastering cyber security.  ͏  ͏  ͏  ͏  ͏  ͏  ͏  ͏  ͏  ͏  ͏  ͏  ͏  ͏  ͏  ͏  ͏  ͏  ͏  ͏  ͏  ͏  ͏  ͏  ͏  ͏  ͏  ͏  ͏  ͏  ͏  ͏  ͏  ͏  ͏  ͏  ͏  ͏  ͏  ͏  ͏  ͏  ͏  ͏  ͏  ͏  ͏  ͏  ͏  ͏  ͏  ͏  ͏  ͏  ͏  ͏  ͏  ͏  ͏  ͏  ͏  ͏  ͏  ͏  ͏  ͏  ͏  ͏  ͏  ͏  ͏  ͏  ͏  ͏  ͏  ͏  ͏  ͏  ͏  ͏  ͏  ͏  ͏  ͏  ͏  ͏  ͏  ͏  ͏  ͏  ͏  ͏  ͏  ͏  ͏  ͏  ͏  ͏  ͏  ͏  ͏  ͏  ͏  ͏  ͏  ͏  ͏  ͏  ͏  ͏  ͏  ͏  ͏  ͏  ͏  ͏  ͏  ͏  ͏  ͏  ͏  ͏  ͏  ͏  ͏  ͏  ͏  ͏  ͏  ͏  ͏  ͏  ͏  ͏  ͏  ͏ ­ ­ ­ ­ ­ ­ ­ ­ ­ ­ ­ ­ ­ ­ ­ ­ ­ ­ ­ ­ ­ ­ ­ ­ ­ ­ ­ ­ ­ ­ ­ ­ ­ ­ ­ ­ ­ ­ ­ ­ ­ ­ ­ ­ ­ ­ ­ ­ ­ ­ ­ ­ ­ ­ ­ ­ ­ ­ ­ ­ ­ ­ ­ ­ ­ ­ ­ ­ ­ ­ ­ ­ ­ ­ ­ ­ ­ ­ ­ ­ ­ ­ ­ ­ ­ ­ ­ ­ ­ ­ ­ ­ ­ ­ ­ ­ ­ ­ ­ ­ ­ ­ ­ ­ ­ ­ ­ ­ ­ ­ ­ ­ ­ ­ ­ ­ ­ ­ ­ ­ ­ ­ ­ ­ ­ ­ ­ ­ ­ ­ ­ ­ ­ ­ ­ ­
[TryHackMe Logo]
[TryHackMe Motivation Banner] <https://e.customeriomail.com/e/c/eyJlbWFpbF9pZCI6ImRnVEsxUVVMQUt6ODBnS3JfTklDQVp1T2tiYVVtN09RMWs5ekRVX2ZZZz09IiwiaHJlZiI6Imh0dHBzOi8vdHJ5aGFja21lLmNvbS9oYWNrdGl2aXRpZXM_dXRtX3NvdXJjZT1jaW9cdTAwMjZ1dG1fbWVkaXVtPWVtYWlsXHUwMDI2dXRtX2NhbXBhaWduPWVuZ3N0YWxlc3RlcDFtb3RpdmF0aW9uYWxuZyIsImludGVybmFsIjoiY2FkNTA1YjkwMWZiMWNhY2ZjZDIwMiIsImxpbmtfaWQiOjI5MTcyfQ/25cdf4b1a50977161be3bc9b7f00f37fbcf3323d0d8f0ba804f6623e7553517b>
Hey it.ktm,

You’ve already taken the first step by signing up for TryHackMe. Now it’s time to take the one that truly matters: starting your first room.

💪 When you complete your first room, you’ll:

✅ Unlock your first achievement badge
✅ Earn points and appear on the leaderboard
✅ Get 25% off TryHackMe Premium, if you do it within 7 days!

Your next move decides your momentum.
Make this the week you restart your journey.

Start My First Room <https://e.customeriomail.com/e/c/eyJlbWFpbF9pZCI6ImRnVEsxUVVMQUt6ODBnS3JfTklDQVp1T2tiYVVtN09RMWs5ekRVX2ZZZz09IiwiaHJlZiI6Imh0dHBzOi8vdHJ5aGFja21lLmNvbS9oYWNrdGl2aXRpZXM_dXRtX3NvdXJjZT1jaW9cdTAwMjZ1dG1fbWVkaXVtPWVtYWlsXHUwMDI2dXRtX2NhbXBhaWduPWVuZ3N0YWxlc3RlcDFtb3RpdmF0aW9uYWxuZyIsImludGVybmFsIjoiY2FkNTA1YjkwMWZiMWNhY2ZjZDIwMiIsImxpbmtfaWQiOjI5MTcyfQ/25cdf4b1a50977161be3bc9b7f00f37fbcf3323d0d8f0ba804f6623e7553517b>

⭐ Premium Advantage ⭐

With TryHackMe Premium, you’ll go further, faster:

🔓 Access every room, from beginner to advanced.
⚡ Train with unlimited AttackBox time.
🛠️ Build real-world confidence through hands-on challenges.
[Discord] <https://e.customeriomail.com/e/c/eyJlbWFpbF9pZCI6ImRnVEsxUVVMQUt6ODBnS3JfTklDQVp1T2tiYVVtN09RMWs5ekRVX2ZZZz09IiwiaHJlZiI6Imh0dHBzOi8vZGlzY29yZC5nZy90cnloYWNrbWUiLCJpbnRlcm5hbCI6ImNhZDUwNWI5MDFmYjFjYWNmY2QyMDIiLCJsaW5rX2lkIjoyMjM0MX0/9ec5a22525bce74ddde3be24cc6f9f1b3459d0b51a5ca8e994b4e6d34d5ed0c3>   [X]  <https://e.customeriomail.com/e/c/eyJlbWFpbF9pZCI6ImRnVEsxUVVMQUt6ODBnS3JfTklDQVp1T2tiYVVtN09RMWs5ekRVX2ZZZz09IiwiaHJlZiI6Imh0dHBzOi8vdHdpdHRlci5jb20vdHJ5aGFja21lIiwiaW50ZXJuYWwiOiJjYWQ1MDViOTAxZmIxY2FjZmNkMjAyIiwibGlua19pZCI6MjIxOTd9/67571f77066151d930d92b4185a27b495aaab4f358ed33974db20874e3d1a566>       [Instagram]  <https://e.customeriomail.com/e/c/eyJlbWFpbF9pZCI6ImRnVEsxUVVMQUt6ODBnS3JfTklDQVp1T2tiYVVtN09RMWs5ekRVX2ZZZz09IiwiaHJlZiI6Imh0dHBzOi8vaW5zdGFncmFtLmNvbS9yZWFsdHJ5aGFja21lIiwiaW50ZXJuYWwiOiJjYWQ1MDViOTAxZmIxY2FjZmNkMjAyIiwibGlua19pZCI6M30/4431955ab70ccaf47d83fdefe652e836e9b0c238226b6e4cbcf2d6e6f239d9b8>    [LinkedIn]  <https://e.customeriomail.com/e/c/eyJlbWFpbF9pZCI6ImRnVEsxUVVMQUt6ODBnS3JfTklDQVp1T2tiYVVtN09RMWs5ekRVX2ZZZz09IiwiaHJlZiI6Imh0dHBzOi8vbGlua2VkaW4uY29tL2NvbXBhbnkvdHJ5aGFja21lIiwiaW50ZXJuYWwiOiJjYWQ1MDViOTAxZmIxY2FjZmNkMjAyIiwibGlua19pZCI6MjIxOTl9/598871fa87e11bd4c79f06696d2c7b8f66f23663adf9d40e0d4161118562e482>    [YouTube]  <https://e.customeriomail.com/e/c/eyJlbWFpbF9pZCI6ImRnVEsxUVVMQUt6ODBnS3JfTklDQVp1T2tiYVVtN09RMWs5ekRVX2ZZZz09IiwiaHJlZiI6Imh0dHBzOi8veW91dHViZS5jb20vQHJlYWx0cnloYWNrbWUiLCJpbnRlcm5hbCI6ImNhZDUwNWI5MDFmYjFjYWNmY2QyMDIiLCJsaW5rX2lkIjoyMjQzMX0/31aa66e0dbd6f1edad445a49f765cf7d970c7e22b59a1f1e90c6ed815a022e5b>

Terms<https://e.customeriomail.com/e/c/eyJlbWFpbF9pZCI6ImRnVEsxUVVMQUt6ODBnS3JfTklDQVp1T2tiYVVtN09RMWs5ekRVX2ZZZz09IiwiaHJlZiI6Imh0dHBzOi8vdHJ5aGFja21lLmNvbS90ZXJtcyIsImludGVybmFsIjoiY2FkNTA1YjkwMWZiMWNhY2ZjZDIwMiIsImxpbmtfaWQiOjEwfQ/b472285200206800fc262c80422e30f7336ba9b5fe6cada7f712e54db87d97a9>  |  Unsubscribe<https://e.customeriomail.com/unsubscribe/dgTK1QULAKz80gKr_NICAZuOkbaUm7OQ1k9zDU_fYg==>

© 2025 TryHackMe. All rights reserved.
[https://e.customeriomail.com/e/o/eyJlbWFpbF9pZCI6ImRnVEsxUVVMQUt6ODBnS3JfTklDQVp1T2tiYVVtN09RMWs5ekRVX2ZZZz09In0=]
","Tue, 6 Jan 2026 01:47:55 +0000"
57,inbox,"""Hissatsu !"" <abhistha1012@gmail.com>",filter420m@gmail.com,🔥 LIMITED-TIME OFFER — Act Now!,"Hello Valued User,

Congratulations! 🎉
You’ve been selected to receive exclusive access to our Premium Digital
Package — available for a very limited time only.

✨ What you get:

- Instant access to premium features
- Special member-only bonuses
- Limited-time promotional pricing

⚠️ This offer expires soon and may not be available again.

To continue, simply reply to this email or visit our platform using your
unique access code below:

ACCESS CODE: TEST-9472-ALPHA

Don’t miss out — thousands of users are already upgrading!

Best regards,
The Promo Team
Fictional Services Group
support@fictionalpromo.test

This message is part of a system test. No real products or services are
offered.
","Tue, 6 Jan 2026 07:32:45 +0545"
56,inbox,MUKESH MAHARJAN <it.ktm@bwnepal.com>,"""filter420m@gmail.com"" <filter420m@gmail.com>","Fw: BOB of Jan,2026 & Monthly wise BOB of 2026","

Dear  Ji

Greetings of the Day!

I hope you are doing well.


I appreciate you taking the time to look into this and look forward to your support.

Best Regards,

Mukesh Maharjan | Asst Manager Network & System | it.ktm@bwnepal.com<mailto:it.ktm@bwnepal.com>
Kathmandu Hotel
Pingalasthan, Tilganga Marg | Kathmandu
P: 01-5971499
Reservations: reservations.ktm@bwnepal.com<mailto:reservations.ktm@bwnepal.com>
Best Western Hotels & Resorts<https://www.bestwestern.com/en_US/book/hotels-in-kathmandu/best-western-plus-kathmandu-hotel/propertyCode.78736.html><https://www.bestwestern.com/en_US/book/hotels-in-kathmandu/best-western-plus-kathmandu-hotel/propertyCode.78736.html> | bestwestern.com<https://www.bestwestern.com/en_US.html>

[cid:34eb51ea-61a9-4968-8752-0b340c50ace8]


________________________________
From: BQT KTM <bqt.ktm@bwnepal.com>
Sent: Sunday, January 4, 2026 5:04 PM
To: astt1.ktm@bwnepal.com <astt1.ktm@bwnepal.com>; Bachchuram Chaulagain <afnb.ktm@bwnepal.com>; Bidur K Koirala <dfc.ktm@bwnepal.com>; Binisha <marcom.ktm@bwnepal.com>; Birkha ji <exechef.ktm@bwnepal.com>; DEVI NEUPANE <ro.ktm@bwnepal.com>; dosm.ktm@bwnepal.com <dosm.ktm@bwnepal.com>; Duty Manager FO <dm.ktm@bwnepal.com>; Fron <afom.ktm@bwnepal.com>; Front office <fo.ktm@bwnepal.com>; Hari Lamsal <cer.ktm@bwnepal.com>; HEMANTA RAJ <hr.ktm@bwnepal.com>; Kabita ji <ahk.ktm@bwnepal.com>; MUKESH MAHARJAN <it.ktm@bwnepal.com>; NIKKI SHRETSHA <lnd.ktm@bwnepal.com>; Nisha Tamang <sales1.ktm@bwnepal.com>; Raj Basnet <ehk.ktm@bwnepal.com>; Rajesh Ji <fnb.ktm@bwnepal.com>; Sailesh KC <ufc.ktm@bwnepal.com>; SANGEETA SHRESTHA <reservations.ktm@bwnepal.com>; Umesh Shrestha <sales2.ktm@bwnepal.com>
Cc: Jatin Shrestha <gm.ktm@bwnepal.com>
Subject: BOB of Jan,2026 & Monthly wise BOB of 2026


Dear Team,
Greetings of the Day..!
Kindly find the attached BOB of Jan,2026 & Monthly wise BOB of 2026.
If you need further details regarding specific dates and Venue please feel free to reach out.
Thank you for your cooperation and continued suppor

""We'd love to hear your thoughts! Please take a moment to share by clicking Feedback<https://www.tripadvisor.com/UserReviewEdit-g293890-d33244199-Best_Western_Plus_Kathmandu-Kathmandu_Kathmandu_Valley_Bagmati_Zone_Central_Region.html> <https://www.tripadvisor.com/UserReviewEdit-g293890-d33244199-Best_Western_Plus_Kathmandu-Kathmandu_Kathmandu_Valley_Bagmati_Zone_Central_Region.html> ""


Best Regards,

Jyoti Magar | Banquet Sales Executive | bqt.ktm@bwnepal.com<mailto:bqt.ktm@bwnepal.com>
Kathmandu Hotel
Pingalasthan,Tilganga Marg | Kathmandu
P: 01-5971499
Reservations: reservations.ktm@bwnepal.com<mailto:reservations.ktm@bwnepal.com>
Best Western Hotels & Resorts<https://www.bestwestern.com/en_US/book/hotels-in-kathmandu/best-western-plus-kathmandu-hotel/propertyCode.78736.html><https://www.bestwestern.com/en_US/book/hotels-in-kathmandu/best-western-plus-kathmandu-hotel/propertyCode.78736.html> | bestwestern.com<https://www.bestwestern.com/en_US.html>

[cid:0e3df059-39b3-497c-8b08-0d5c32f67520]

","Tue, 6 Jan 2026 01:47:03 +0000"
55,inbox,Google <no-reply@accounts.google.com>,filter420m@gmail.com,Security alert,"[image: Google]
You allowed Google Drive for desktop access to some of your Google Account
data


filter420m@gmail.com

If you didn’t allow Google Drive for desktop access to some of your Google
Account data, someone else may be trying to access your Google Account data.

Take a moment now to check your account activity and secure your account.
Check activity
<https://accounts.google.com/AccountChooser?Email=filter420m@gmail.com&continue=https://myaccount.google.com/alert/nt/1767662929000?rfn%3D127%26rfnc%3D1%26eid%3D8031581596348026688%26et%3D0>
To make changes at any time to the access that Google Drive for desktop has
to your data, go to your Google Account
<https://accounts.google.com/AccountChooser?Email=filter420m@gmail.com&continue=https://myaccount.google.com/connections/overview/ARxY5h-OzL7TBe7p2Cu2u49BBIhCjEouZ5GFMG1F5CT2xFWV-7Q_AW2rkMpo0DzdvMqFcUc1JqN6CM4GpgAMKBj5YBA?utm_source%3Dsec_alert%26utm_medium%3Demail_notification%26force_all%3Dtrue>
You can also see security activity at
https://myaccount.google.com/notifications
You received this email to let you know about important changes to your
Google Account and services.
© 2025 Google LLC, 1600 Amphitheatre Parkway, Mountain View, CA 94043, USA
","Tue, 06 Jan 2026 01:28:49 GMT"
54,inbox,MUKESH MAHARJAN <it.ktm@bwnepal.com>,filter420m@gmail.com,Fwd: Final edition: your exclusive access series,"---------- Forwarded message ---------
From: Coursera <Coursera@m.learn.coursera.org>
Date: Tue, Dec 30, 2025 at 6:00 AM
Subject: Final edition: your exclusive access series
To: <it.ktm@bwnepal.com>


Open to find out what this week’s in-demand skill is
͏ ‌     ﻿ ͏ ‌     ﻿ ͏ ‌     ﻿ ͏ ‌     ﻿ ͏ ‌     ﻿ ͏ ‌     ﻿ ͏ ‌     ﻿ ͏ ‌
  ﻿ ͏ ‌     ﻿ ͏ ‌     ﻿ ͏ ‌     ﻿ ͏ ‌     ﻿ ͏ ‌     ﻿ ͏ ‌     ﻿ ͏ ‌     ﻿ ͏
‌     ﻿ ͏ ‌     ﻿ ͏ ‌     ﻿ ͏ ‌     ﻿ ͏ ‌     ﻿ ͏ ‌     ﻿ ͏ ‌     ﻿ ͏ ‌
﻿ ͏ ‌     ﻿ ͏ ‌     ﻿ ͏ ‌     ﻿ ͏ ‌     ﻿ ͏ ‌     ﻿ ͏ ‌     ﻿ ͏ ‌     ﻿ ͏ ‌
    ﻿ ͏ ‌     ﻿ ͏ ‌     ﻿ ͏ ‌     ﻿ ͏ ‌     ﻿ ͏ ‌     ﻿ ͏ ‌     ﻿ ͏ ‌     ﻿
͏ ‌     ﻿ ͏ ‌     ﻿ ͏ ‌     ﻿ ͏ ‌     ﻿ ͏ ‌     ﻿ ͏ ‌     ﻿ ͏ ‌     ﻿ ͏ ‌
  ﻿ ͏ ‌     ﻿ ͏ ‌     ﻿ ͏ ‌     ﻿ ͏ ‌     ﻿ ͏ ‌     ﻿ ͏ ‌     ﻿ ͏ ‌     ﻿ ͏
‌     ﻿ ͏ ‌     ﻿ ͏ ‌     ﻿ ͏ ‌     ﻿ ͏ ‌     ﻿ ͏ ‌     ﻿ ͏ ‌     ﻿ ͏ ‌
﻿ ͏ ‌     ﻿ ͏ ‌     ﻿ ͏ ‌     ﻿ ͏ ‌     ﻿ ͏ ‌     ﻿ ͏ ‌     ﻿ ͏ ‌     ﻿ ͏ ‌
    ﻿ ͏ ‌     ﻿ ͏ ‌     ﻿ ͏ ‌     ﻿ ͏ ‌     ﻿ ͏ ‌     ﻿ ͏ ‌     ﻿ ͏ ‌     ﻿
͏ ‌     ﻿ ͏ ‌     ﻿ ͏ ‌     ﻿ ͏ ‌     ﻿ ͏ ‌     ﻿ ͏ ‌     ﻿ ͏ ‌     ﻿ ͏ ‌
  ﻿ ͏ ‌     ﻿ ͏ ‌     ﻿ ͏ ‌     ﻿ ͏ ‌     ﻿ ͏ ‌     ﻿ ͏ ‌     ﻿ ͏ ‌     ﻿ ͏
‌     ﻿ ͏ ‌     ﻿ ͏ ‌     ﻿ ͏ ‌     ﻿ ͏ ‌     ﻿ ͏ ‌     ﻿ ͏ ‌     ﻿ ͏ ‌
﻿ ͏ ‌     ﻿

͏ ‌     ­ ͏ ‌     ­ ͏ ‌     ­ ͏ ‌     ­ ͏ ‌     ­ ͏ ‌     ­ ͏ ‌     ­ ͏ ‌
  ­ ͏ ‌     ­ ͏ ‌     ­ ͏ ‌     ­ ͏ ‌     ­ ͏ ‌     ­ ͏ ‌     ­ ͏ ‌     ­ ͏
‌     ­ ͏ ‌     ­ ͏ ‌     ­ ͏ ‌     ­ ͏ ‌     ­ ͏ ‌     ­ ͏ ‌     ­ ͏ ‌
­ ͏ ‌     ­ ͏ ‌     ­ ͏ ‌     ­ ͏ ‌     ­ ͏ ‌     ­ ͏ ‌     ­ ͏ ‌     ­ ͏ ‌
    ­ ͏ ‌     ­ ͏ ‌     ­ ͏ ‌     ­ ͏ ‌     ­ ͏ ‌     ­ ͏ ‌     ­ ͏ ‌     ­
͏ ‌     ­ ͏ ‌     ­ ͏ ‌     ­ ͏ ‌     ­ ͏ ‌     ­ ͏ ‌     ­ ͏ ‌     ­ ͏ ‌
  ­ ͏ ‌     ­ ͏ ‌     ­ ͏ ‌     ­ ͏ ‌     ­ ͏ ‌     ­ ͏ ‌     ­ ͏ ‌     ­ ͏
‌     ­ ͏ ‌     ­ ͏ ‌     ­ ͏ ‌     ­ ͏ ‌     ­ ͏ ‌     ­ ͏ ‌     ­ ͏ ‌
­ ͏ ‌     ­ ͏ ‌     ­ ͏ ‌     ­ ͏ ‌     ­ ͏ ‌     ­ ͏ ‌     ­ ͏ ‌     ­ ͏ ‌
    ­ ͏ ‌     ­ ͏ ‌     ­ ͏ ‌     ­ ͏ ‌     ­ ͏ ‌     ­ ͏ ‌     ­ ͏ ‌     ­
͏ ‌     ­ ͏ ‌     ­ ͏ ‌     ­ ͏ ‌     ­ ͏ ‌     ­ ͏ ‌     ­ ͏ ‌     ­ ͏ ‌
  ­ ͏ ‌     ­ ͏ ‌     ­ ͏ ‌     ­ ͏ ‌     ­ ͏ ‌     ­ ͏ ‌     ­ ͏ ‌     ­ ͏
‌     ­ ͏ ‌     ­ ͏ ‌     ­ ͏ ‌     ­ ͏ ‌     ­ ͏ ‌     ­ ͏ ‌     ­ ͏ ‌
­ ͏ ‌     ­ ͏ ‌     ­ ͏ ‌     ­ ͏ ‌     ­ ͏ ‌     ­ ͏ ‌     ­ ͏ ‌     ­ ͏ ‌
    ­ ͏ ‌     ­ ͏ ‌     ­ ͏ ‌     ­ ͏ ‌     ­ ͏ ‌     ­ ͏ ‌     ­ ͏ ‌     ­
͏ ‌     ­ ͏ ‌     ­ ͏ ‌     ­ ͏ ‌     ­ ͏ ‌     ­ ͏ ‌     ­
[image: Coursera]
<https://link.coursera.org/f/a/LgT0mVnVg1t_dEw0Y_MvWQ~~/AAQRxRA~/6ernaWlHXOfAyPaOiRN_tGJFJQ6IOzSxBzJ-fEzPCcmOhGUNWVPweLZu6v3bF7XKL5zn10PD6rjZN0goaRAuv-wRlAp_xIaJaRG-QUoKcS-08ezMTtCx2jl2wnJHcndDGHzgNJhuHbyfCToePeM-VyiWnJiTMoWYu79CN-oInMSau6SaNbjryfl0nV_1HiLIpsFuT4D80645AUVamv0vZZ8rlriut3-a5FcoIUmrDmsb00CPB-2o8T8hfjhx6Pe_ZNW9i8UzfV1Ltd7EmmEDRKPf_-ty3utwoWdNeaLCWDo~>

[image: Exclusive access: Top careers and skill to know]
<https://link.coursera.org/f/a/JqJ_CXo3uQEI2cs_qO0epg~~/AAQRxRA~/-XJz4ze3--oe9N1JuPj6Bu7KBwuby_oEjyBropDAP6m9l9Kwehk_sGgWv_kDZT0k3JW2XjyozAD5Utw6ps1P9LEHGcBKwf9ctFnaOYjQ8Vzkhx90i1rI5tKCw0jHDFD2voDOhzPhLJpzVO3Zzf-YqmeCPvQhGdDdKkwiLAsgFY5AKqrN6LP0vNkMUlwa_uvs06YdS3QvHhzYAkwabiBCE8K5y4GVG70bro2sVkuRI_978WM0nV8jNI9lfNnyd2KJWkZ4LR-VtQMPKXTDibw7ROR0H8k9tAtYEijw6WZVuyziz4gunxLFwsIhqguEp6LXxKQYSuLeWbmyqpzPqOgehg~~>
Love creativity? These skills are in demand

Welcome to the final edition of your exclusive access series! Do you like
outside-the-box thinking, eye-catching visuals, and crafting memorable
experiences? Well, we’ve got some good news for you! Creativity is very
much in demand: Surveyed employers rank creative thinking
<https://link.coursera.org/f/a/TnBisuTDElBa3xkCIv32mA~~/AAQRxRA~/wRu1Gv2ooTakY8lEC9m4fCM7hhqcDE5FoijamndhDZjW1hx3UT__Pix4dSYaUdp2FSVl4bHA7EqjGJBN5QygWVO3Btj4je8J2NAeX_s51ue-lDezqD0zyomAxQPwTY0ue0YEiwghIu2CqU-2euOcoybmY9biIa2XwucLu6xen2OA2P-4mnXkGDPI_lf059S_ErG_1xkhQwbx05R3Tz-8lm26GfFrIPVI0f7FshqCw8gb_-sap_rfscOhPCl8urF6A5vse2DAArLC3gBNfLwxsSiGi0LFtFpv9NiQ_d2F0woxtz7QN3NZbnF8tNlmxYTIur3CABuE3-KhRXPqCeIdNhP5ejwp3yYhKniedOfiRrKDM918IeEvqgfz3eDsJPWi>
*#4
in a list of essential skills*1.

You don’t have to pursue an art career to benefit from boosting your
creativity skills. There are plenty of opportunities
<https://link.coursera.org/f/a/fWpnHcETYJVceqxxipawgg~~/AAQRxRA~/rBby5eeJwSHK000EeLBoLTxXiHf-GAQtZwGcdsZqvRuqriw-Rs35p_hDs0I_hoRlYa1RuL0Fb5MmrAZfE8_1hZdeHOqyizNqgHrsYue1ZR-7hV9-9vBwk8Y2JuW-wLueDuThLUyw41MYlkrxerwfYEqtLRrW21PWl5ZPoXcgfSFwdBDstoLv5lyCP48qrWQyiXawG0avwB1b36oxwzsR2EhyWLrYa3WBAe_2a3kOjiP17w96uM_vN2QOSZYZbJ3ozSmc8nyqZO-aPdUiCpedOa_0EDsZde6VvvdRMZhu6u5CViA5AJr4VQ8I2PMJELY5>
in
almost any job to flex your visual know-how and left-field problem-solving
abilities: from crafting eye-catching data visualizations and slide decks
to developing impactful content marketing and original solutions to
seemingly difficult problems.
Get creative in these courses
<https://link.coursera.org/f/a/p9RAeafBDNnnG1Z2yEr_cg~~/AAQRxRA~/-XJz4ze3--oe9N1JuPj6Bu7KBwuby_oEjyBropDAP6m9l9Kwehk_sGgWv_kDZT0k3JW2XjyozAD5Utw6ps1P9E8k6PYYKVtMJe1MMpuNEESEqsjsFtxYvu8mgz_t3cUYWHC8GMwJd_-hB4mtey0zCfKXxFA6Lt6TubakK9cyF3XhajhvyNktD2bcUBAjzkkL_mz8AWhHxu10AMtP7u25cA53DScwGDdVRre_7ZWd5ctssZtG-u3AWyAolgxsiLUiKiVgxTumLWX4sDaauxM_tggMGzN2ESIeGs19T_yxyJA-CXM3iVkeAoQvaCF2LeBg_yzI9VZfTPH9U-sQbEWbuQ~~>
------------------------------
Ready to spark your creativity?

Get started by learning how to use core creative tools in Creative Design
Tools: Adobe Photoshop, Illustrator, Acrobat Specialization
<https://link.coursera.org/f/a/z5V-h64uCcNwBbCxHWVipg~~/AAQRxRA~/qDODUOBl0gdliKEsLxnkl461vbPOsVpk2EztD4bwILO-pZh4-H_ZdI5hAIaryackCjKpyiCMaxRV1TfQfXEUnCT1aRr3vX6hNoJnXlqbngsYV6Bm4BJDGn9pDnGiR_ebBFOu8ut27fa7RnR74A5aneC1ra0AbSMX-o66nDwqT4VYAaieFgP8OeyIUUxTb52Zi1T7fzYSxtbrtwAa1l-KBKbjVvd4ZL4x2CfWRh7cw5zq-gW0mB617yh2N5Ue6vYoZ8-qy2N4vzvmgjLC9C1fdY_4-Vaemxb_lqzVo6aBHk-0zQ5VZqWQXaqpxDZ6Ah1PguUKOnGGQl6PIA8w9i4JpSE3bCfARooL4LvGf71VFFK7U9GjeDLK06XIHb1D08vUIWX36ImSjrxkiNob1B5oVw~~>
.

Take your creativity skills to new, fun paths with these courses:
<https://link.coursera.org/f/a/PGc3hbLYL3KpctKRQmlNzw~~/AAQRxRA~/7Jrt2So6XGBY-98Caztn5pKx1HYZaxLyuBLZmx7mLVYByy9uZhu4ERicnm4FxU2hUpDev6kRPtB0Q-mvHwjsKnFSTLdS1FvKpEqGOEdU-A0rcgXZIvBuMAbTODtbz-olHQNfLx2Kom0zGQ9Tt6R49CGZUKOsY_oubdD9tnILZpPs5Yc8q2N4Rs08TJX1HanAKSIh3TgC1841SGdIVxbZ0fPfeReAsCfuaYmpUmf5q16sGGV20aRzor1VSxeFSiIlgNKZYBtRGSRLY5gmMdIUcZPNQz3OlrVH6zj8yqMZRtow6JeJagc-nRQsWHkm5u5Rwft9t7Q2lqNmOczg7A2bbLnO2AP3y1Og-6vsciuYZX8~>
‌ Launch your career as a content creator

Learn to create content that connects across formats and bring your ideas
to life with real-world projects.
*Learn more*
<https://link.coursera.org/f/a/8NqGUpQjRPP8-J3ZqOixzg~~/AAQRxRA~/7Jrt2So6XGBY-98Caztn5pKx1HYZaxLyuBLZmx7mLVYByy9uZhu4ERicnm4FxU2hUpDev6kRPtB0Q-mvHwjsKnFSTLdS1FvKpEqGOEdU-A2KeZnD-_jYL0YET4bNHyMqLH_W1QWsoV_RU4OqP5ULThJklUVLQKf1nwJoLDwyjs6pN6BnLqru8eAhH2MA3241igPP-eViYHNlWw8xAmEJFGKX8WfuGLYg3hlplTn9WR7RMpP-oUvso0LvSiM7BEkRUl_1eMWGmZohCyarlWmR59XqQPYJA5YMA_gPB0zYiVxXnhhK1M7zH1UwnoicODQ2z_hRyK8Qz0JMb6haudxtIM-ze9oPyEwfGeY81YLPB7I~>

<https://link.coursera.org/f/a/keDfMunDdRWOzmsd9PHZnQ~~/AAQRxRA~/7Jrt2So6XGBY-98Caztn5pKx1HYZaxLyuBLZmx7mLVYByy9uZhu4ERicnm4FxU2hUpDev6kRPtB0Q-mvHwjsKnFSTLdS1FvKpEqGOEdU-A0u72HBbR6piRYHt8OIg8x53ccYEvCDpLjiAOCvQ5g0m0TMaI9Jq42h03sWTFJNUe1ZTuQ0r0u6nb18Yyv5JhEt6EQz94S7itw0eObjV-g2dBB6HdgMMzcONQyAnEgyn8eWsOLLscFmOU16efiarILhakiW2skvn7uA4RsxpFjULRE3NHEsIrV541dalg1SeqYGPsLIIDSiifKi61NwWKiPbrHPKwB041KgSsDvrQYybXwRLoMRDt4YHtbyanrQsTM~>
<https://link.coursera.org/f/a/MmYutD32CNqTN142BvQNCg~~/AAQRxRA~/7Jrt2So6XGBY-98Caztn5pKx1HYZaxLyuBLZmx7mLVYByy9uZhu4ERicnm4FxU2hUpDev6kRPtB0Q-mvHwjsKnFSTLdS1FvKpEqGOEdU-A03NTKCyCv6MzOk64JZsamekNpgUiQCdjsCotTzjyE0II_8aDAp-sDlpIK9ryFFw7TqvvMOoWO9kRxy1jxKu2rqfwGIL55XdnbVvOUCbWrGYUzS27Svssky7xv3fVhi0lzfbFqheixrYIgw0S7dgWdOwWE6ZYROp0NrTQ2b-1OXS-E8WqlAt7QaVjHvJryGyafLMZB9Tvd_finIUOIaG5pWaivQ9r_Bd4QIKo1kUQ349dcvmRzWCldvYaOV-rq7KSk~>
<https://link.coursera.org/f/a/yMTyraVzDn2NZSrLBwUqJg~~/AAQRxRA~/q0DOpoii-SlkJtIJdDbAPf8tOQ6fb1WsjKSPPBlSMDRWobL-mRhvU93TEZ1MBF-Lme77dWsxACIHbd1BXKEoTGiYCpNQ_qCeq7qDNH5Wcok_iMSNizi3l4loDuU4PNQtSZv-yWZVqfz4wECv9M3Os2G-a4TK58UvL4m5rYK0xxQqkI3pXsN7596ULnkzXN6rFrdiNnr77oRJhS8l30Qfp4vwZ6P75IyY5FNa-S_6qRb_2C0Z0h7Sds7VE2VCXhRqGMDhuPzuYrqBil1_UkvPRVsqxam3UGWrDmJ6hlkV8wx0AUO9Gft8mrUcTtKHKKZma0wjEtR5ItZkb7w3SJBK-dZROQ67wHimLS75lj8W-Bn9SSIBhSdg5iBpJiF7E41s>
‌ Innovate and transform

Master the fundamentals of innovation, enhance your own and others’
creative thinking, and transform ideas into viable ventures in
entrepreneurship.
*Learn more*
<https://link.coursera.org/f/a/c9Urv7La2DaWE140xgVWhg~~/AAQRxRA~/q0DOpoii-SlkJtIJdDbAPf8tOQ6fb1WsjKSPPBlSMDRWobL-mRhvU93TEZ1MBF-Lme77dWsxACIHbd1BXKEoTGiYCpNQ_qCeq7qDNH5WconnKdMTFz9306D2BSlklcSv0nRYit0a5fggQ0wVEyhMypRuMVNRB_bi9_RILgImaHdR8I255oF9jcilPoS8m4YHmW22EXg85feODMc5hKFzZhm7xwuuvjR9EoOedfo_Puj9EX0U0UzlCu2pnw5odfY0-gBIjRNc3CxytLWmJ3vctu2_G5Oa3U4VKCRVgJ3XWQhYlvmiR1H1SF8x8mCdJQo1v5Js6O3UjDOLcaRuFosyGYKfEfkHhF_rLxONbfd3cSPvH1dahxab7IExL0BVZYAl>

<https://link.coursera.org/f/a/eKCvj5DtzryzPTKeZ4wY5w~~/AAQRxRA~/q0DOpoii-SlkJtIJdDbAPf8tOQ6fb1WsjKSPPBlSMDRWobL-mRhvU93TEZ1MBF-Lme77dWsxACIHbd1BXKEoTGiYCpNQ_qCeq7qDNH5WconcRHPRz2_TFE1VndDbuFGOxy6lIkevnK0_HufESo8GzFQ7tPTgxC-SldRtZduwgZ-TuWxi6qbciQ-JsyIlMGN_ohxMC20G72Pws9ztJAxFLNZikwg08_If_Te0JnSOd6-pVAriq7njuUBzfBigIPwNcgxQ7vhbRRfGZjTuM2QD7g0gVciICI6aF9UHnZhWzFx2ibCYJiVdhbNCw4IOC2vBLg1JmgW5eBFrMp_3g_Uv--KIo8dvtdHowYHHCISwsrwkp_r6-ON824ksOF6mvqVw>
<https://link.coursera.org/f/a/K3Z6ALh1UDAQ3usIilYugQ~~/AAQRxRA~/q0DOpoii-SlkJtIJdDbAPf8tOQ6fb1WsjKSPPBlSMDRWobL-mRhvU93TEZ1MBF-Lme77dWsxACIHbd1BXKEoTGiYCpNQ_qCeq7qDNH5WcokmUiaZhGS9Kuyok8cN8D49vXybGmWHlRq-__kQPeSoxb0zVacs62DqyKhI4l-90rwilHLIYLpbzdkMTG6Je4P073dzSSc5rh0U9heT85BQfVZfrZHL1tsFB8BTdftQGt_YByoNfGoYXGHy61oblN5iL-W0od_x7Oc0XPgWP5--fY_yEfj2PUdGvUFt-BOXqFu1Wj_s7VOcKPFBv8h-EC1ihTg075JnKDni89QiYwMQ4mT1Ry4icrB9BAksBAY6NnkkkYMwnFaWWKQJ-muQT9-X>
<https://link.coursera.org/f/a/bX-yB5w7JNwTCcf_rUrm4Q~~/AAQRxRA~/WD-owAhVjbJxt_DiZF-53Gcll8RhzpAi3Ze20tGmSX2JHXnuQ3AZ9UzVzbULskd3shcVFXK-e2E_psNsbN4GDsVtZwY_PFZhI4WgVyt2JwQ1vLG_bhcXIjhgP7rFApRYzV5ytduHe41zKt0K_pJuy1hZhdmpe3mTlNC_J7bxUrsO-VmFrZFgzQL8UAQQ6PX8B1KXjZ53xyHBG-qry_DIaBk6mJ8DsBVhhiyJs9VebyGzvp1-yYQTyghRyUaMknw1CoX72dKsbnQCqKeKjB-_vtS8eJyEAkOQhYyEnMzQ7jjXmKeeh3aRrEjRsx1SrzT1>
‌ Learn the art of data visualization

Learn to form a compelling narrative with effective data stories and
explore the principles and practices involved with effective presentations.
*Learn more*
<https://link.coursera.org/f/a/ulmflRvovNLCFfL1R_kDpA~~/AAQRxRA~/WD-owAhVjbJxt_DiZF-53Gcll8RhzpAi3Ze20tGmSX2JHXnuQ3AZ9UzVzbULskd3THcmdekQ2aBAE1osJovDrn-EwM0zGMfSUdHlqAn7pvsdTeS0gU3R5uj3mob-Dgp10tDSpD-m6JEGd2VbHlxmJzpfF4ZitD8Ou3_gz_4JaQFeUJpyS2-wodSrrDXJdDwO8V-SoZeoJG4lN8ECmEzhOlnHTSq4dhHVybq3haKse7XfcLEAoVvC9jBAKVIyc7xKfGCcZXUw0m4bers03o7vq2q9vetimWmj2m6iAemFnEdTVJ8RDxjTB1QW9NHTMgMk>

<https://link.coursera.org/f/a/W8alUcYySm8LXZMhP8xb5g~~/AAQRxRA~/WD-owAhVjbJxt_DiZF-53Gcll8RhzpAi3Ze20tGmSX2JHXnuQ3AZ9UzVzbULskd3LIhbXE9wKmv04BQ3Ks1ySyeQ-W_sNK005NAz-ofsI80wecQNBZvbTFAIVezRBXGIcid41cIF0v9eFZvOpKL8u40hZWsxrCkz1ZcQB_XAsTdWP7XcLY85P2wFrC4FizS7crtyqzcILBuVdhIooGKgtanR1Wkd_HakJ3-OAyoUQO8iBaWR4lgu6iiOCMyI_gFdfrLXxKTu49AV_6lUio0H0zNXZ9ZL2jGUTnIxGPkKnPDycX346fW5m1Au-JrT5sOL>
<https://link.coursera.org/f/a/6p2T_i_w0ac1KoXoHfWCag~~/AAQRxRA~/WD-owAhVjbJxt_DiZF-53Gcll8RhzpAi3Ze20tGmSX2JHXnuQ3AZ9UzVzbULskd37DncdgJNTkOcpSBL1fITFEPavUxqIxxKB_CZFwajjDnAkcXr6d1wOOmfbvsNJmOptIbP5I2q5Xu5n7AxqXGCsLmwiIC7F5JDebQxlt7dyTRkEc9uXKcKhhk1FmECGH47IUt2OAwgJ2yCjwuSMo6RPENJwxT02x4mGiXIA8LQcANJsmtibGGK3so7lm-n7gjHYL3bRNNw6Pl7vJalO2RcJ-jvito5JLAFteRM-vJveMee8Z-HOOMLi-LZLaILvCMU>
------------------------------
[image: 77% of learners report career benefits]
<https://link.coursera.org/f/a/FK7sAxpdvAUEmQx-7_m_sw~~/AAQRxRA~/o4ZTkcnR4PyydAcxdxB439odl9Kv5FDROWroPBJh9LolG9ACtotfA3xtg_EtqeBT5CVzzzXkijzaN7blB7evrJ7ntsrn5WOJlS3keS9femFl0o8_RXEASdDw26JesWTitAJIg_deMqQhYFzDFyjnenGdFybBFxjB51vSHePCYWkv5ojfBvM8j1WpM_3BhcN-u9PPgqSV9f8083VSfm89ej7llUBM--KDYx-d4lZXcSMFRs3x0IOdFQ4efH6EUfZ0LUUeAi4s_0-IWI3ZPzYLzW3i37gIIvVWWs7njvcSWvcNtgAkZAlST4JOkkRR_8on>
Advance your career with in-demand skills

To help you grow your career, you can always find pathways to in-demand
skills
<https://link.coursera.org/f/a/ZlUU7JiWCd2OuOKVWxEBxQ~~/AAQRxRA~/Rel20pndVCjd0dZ9wytIJn_slsAB_1KpVRV5X1Jp4E86HfVeBZtZIe0OiNI0cORhNKGdtZKlyjhMdbzHoK6R8DDexLqP98JASTIvGpFTfchGV2X_NunFO-Kkxrc-KCaxHbc5mzLTfsXJPGFp8iu3P3RTdyZo93bfd6MoStfm5JdfBh-xK7_Z-x0noEoq3-slt84rGy5P1KiUxhqUrKzdSXJroive2Sai4TMWFRKPi8upYSsIt5BB0TVUuN51sM0z_scFgZ8DZzMdCvm0x4HqPsXnNqXk_20EoeNcksefNQM7EQpEYCIh4opmJyDmQ2MHke_lwKw-o5ni7qj1UruPR2GvA94yXWOs_TYQEcamH8dUdhGT_LR_1PN4Ofde6cs0Irzt8vDXUzFo4SLLXAkHBQ~~>
on Coursera. And to make it easier to invest in your career, a Coursera
Plus subscription helps you access all of them for one single price!
*Get Coursera Plus *
<https://link.coursera.org/f/a/KPTkW_4VdIJh_xRGY6twVA~~/AAQRxRA~/o4ZTkcnR4PyydAcxdxB439odl9Kv5FDROWroPBJh9LolG9ACtotfA3xtg_EtqeBTeeU5ge3OMCFu_LdTosY8GmWsJHqh4CGWdPpMX19UpVXAic9Yl5L3lieNvcaRF5Sc6H3513OGUqUYQ4HXZBuXHG5vIah7faIwA5HEivVT9_cCUDpPNFsuyIHTG9IgmmFxxtoVYaOqVC-sTDK0Zqk01ddXFmSh4G-aZhcrZcI4qFIO1vIdgxd6AVZR6NngwBiCkOvOZF_cxFDzlnl0e1A6Gu9MAZVwFPs8BgXkc8jbFxYQW94zy9_5KrH-mGEQPdOm>

<https://link.coursera.org/f/a/mZdN9v7X4DU4Ae_CCwjeKA~~/AAQRxRA~/o4ZTkcnR4PyydAcxdxB439odl9Kv5FDROWroPBJh9LolG9ACtotfA3xtg_EtqeBTjdvjtti9u1CvWhwkc9GLlo8SNDi_tjufB8Z1f94FljuPuuAz7-nKJ85Wbd5AjqvTSBHoOZf96NZYrvC3qwmD3FpC0x-AtJJZM9epiWirbqno4fh4gPvyg1bVBIgFm7ZhzEghe4Xgt7ND_kTRR5OCP_6Yd0rygz9GEXE-PEQexzNV8IGXd2AaWLXNqKkw9Br4hCjMjGarK2sR8uIkepb9fByJX7rWwAaEjpKKWhtka3BjFoog7sEq3o-SCCT4PaTZ>
<https://link.coursera.org/f/a/ItFe2TkS9_k5KWBmatk-gQ~~/AAQRxRA~/o4ZTkcnR4PyydAcxdxB439odl9Kv5FDROWroPBJh9LolG9ACtotfA3xtg_EtqeBTWVPTc_aKPc4AIG3RxKws1OtpmzoeQMefBZiTV2_NydooLFbQPeNlU-7sqaKoHGL693IXfdDEoo_8BKpwFz6yE6dCTU-6fQD3xXG7s_VKkgBn1W1-zG-HFX8eUDgk7E_zLqvA99lzqi7TbY_hKJNIpLT1vwZmTbJ4x_edcWDWhFTRj8Qpm163TQUIWCdrP-H8caRbwuYzgjIOV1ia4L4DGlYfFx64R-PE2B2w0FJrUIuPvw7-jnlfUx_d8R7YcYdJ>
------------------------------
Looking for more career tips?

Coursera’s Career Chat will answer your career questions and share
resources to support your career growth.
*Subscribe to Career Chat*
<https://link.coursera.org/f/a/ZPdcwwmB1_3eX2c2mTwwPA~~/AAQRxRA~/hLqk3CaEwDU9QvQ7hW4W-wIWj4G7ZhWYE-PT77qOI2X0F4_uZrHuXzPgWES8PHchIgyyyTEQosHs8NSGp5YzFNcpGKuFLZ094-JGENdsLGSYqXOXznneMvd6D6J0hKnlHMAAtn6V0ecs1sZsnDePu-oN-3PHs8zHLxOGDPj1dOAADt8KQGchkrzLBnfDTVhu6eIf2GrIbxfBdTPue6tqqNKA0KNm3tH5SdKGo6EDruKQ12R8UIQK1eZOR3ibe3kxMNOI-3uoOL-e1xMYAGQM-oIzYHN-_RQcQdhDrZ5CYTfafWhIZRE_RIG14-PaN4ojDfCKe5uqFDdy2Drl1908Mg~~>

<https://link.coursera.org/f/a/xhO13yyoJfoCl79SxDSCpg~~/AAQRxRA~/hLqk3CaEwDU9QvQ7hW4W-wIWj4G7ZhWYE-PT77qOI2X0F4_uZrHuXzPgWES8PHchIgyyyTEQosHs8NSGp5YzFD1-nr_n2tACcZoDKeAhAKvVY_3BoM6C-VT2UDpPb6CRve4tKmkisf35era9c23-D2jaJJM1jmzZjzglpLMmVKhvEnJC4amUh18FKHtkQWkEuFxHj4d0Nw23s5_FraDuy5UmdnoO_bV683FLO70eFTsal9CiYBIj0v5JtkTDWQ4hK7dQLwWcXv4Vm9Y80i5FkoAluEWzGmBS7mMSkNFq8b5OSxIW-2VLd-rp4ZFGYBdGB9usVMqrwqAYGDyifmXa7Q~~>
<https://link.coursera.org/f/a/wl_FPH33r2bFcGzNwhtYEA~~/AAQRxRA~/hLqk3CaEwDU9QvQ7hW4W-wIWj4G7ZhWYE-PT77qOI2X0F4_uZrHuXzPgWES8PHchIgyyyTEQosHs8NSGp5YzFIwilCTNbaolJGKslppYflpo7qcpPMsS2c_HUyqaB1ZsgieOdwOh3FF8M3QiNnQEjwqXQ7zxPz0CcaBczO3scTaOCINa9ZJ6RWt7QAtR-yD0db3GeyLnz_qMxhfQXMKg8ynu0utWGD6-EO_aaHPaX3gvEGPjDqVBoeVeke2HiHdsiIDIHP7ZDtGTsfZ8hx8Ouis-GPhgTCTTQlBELP-6g5fowNuu7CQVN2fImcAU4gQCWP6D0ivQz3-L_D9Fd9rcwA~~>
[image: bulb-transparent]
<https://link.coursera.org/f/a/MhT_zfF2Wa5ihHo8D6IKNA~~/AAQRxRA~/hLqk3CaEwDU9QvQ7hW4W-wIWj4G7ZhWYE-PT77qOI2X0F4_uZrHuXzPgWES8PHchIgyyyTEQosHs8NSGp5YzFPAv_UZz2v3TEUzJ_HxYirttN2f4uIjq9VNkU-HFHqfSZD9iHK9EvSYHv3LwHbf_l6Tc4laoYZiKzU1qeTyeRuZaYyUA25l5luZ6SLShl3yzmGHn_uPmi1ULElTkCpXutlODFN9UhbLkQj7QJ-aBh73cdbw6BU77GEr8rnV7qgFeBE7ZEV35bsD6NpAsNon60jh00Q7diOGUT9AMiHv9bBZ-W8XMz46unK5-G8LfcG-T2xB6SYtVxpXqG37w5Yk85Q~~>
[image: bulb-transparent]
<https://link.coursera.org/f/a/3K_9jIN287p4u63h9n5nzg~~/AAQRxRA~/hLqk3CaEwDU9QvQ7hW4W-wIWj4G7ZhWYE-PT77qOI2X0F4_uZrHuXzPgWES8PHchIgyyyTEQosHs8NSGp5YzFIW8eq7bav7JkUz40Ctco-gMV7sYdkAXuKaw-74_dE0NCc2WcKoXsJFucW5W4XaKda4AgaCMhzANHA9mBw4vXHKRiznoT70HPK3Y2OhuMrkHH8rIVl9N4KixVAy-lcl0z0PTcVk8SAeuAbCEWrPnki7HYK1R88WFNZKOhIfFCt3toYRgyFizjc6ZoigAddzm9Aua_m6QhyYxVFoUJTQg_uVT_EY97Kuwxa6DRwZZB-dbmSSCTKmBNaj1bF06x59KjQ~~>
Looking for more career tips?

Coursera’s Career Chat will answer your career questions and share
resources to support your career growth.
*Subscribe to Career Chat*
<https://link.coursera.org/f/a/qK8XkekGoy6vdEMHs-542A~~/AAQRxRA~/hLqk3CaEwDU9QvQ7hW4W-wIWj4G7ZhWYE-PT77qOI2X0F4_uZrHuXzPgWES8PHchIgyyyTEQosHs8NSGp5YzFGJZnqBzW6oA116UnkQkwpBDQ0pEJSjQjgU6etHSbqWu-SQgiSuPZUry9PnW3S0fejHZi5KYjGPb4myz8qPiKFaWXcmPHKsS7tW3y41gvypl63_3ajNHMV1nmtREUnW8wwSw7h1iIJ9BeX7wx42z_eBdRosjC1sWYBnrlpl6A5QbFsZcaauS6xjVbd9l_nUo8Fd1groJ1vGoAD95w5ScV_b152vwIPg3dURjvvVpUdK2o0uS0yOgpIX0lDvwY-32KA~~>

<https://link.coursera.org/f/a/x84BdwdriMiSd-QSF0dvFQ~~/AAQRxRA~/hLqk3CaEwDU9QvQ7hW4W-wIWj4G7ZhWYE-PT77qOI2X0F4_uZrHuXzPgWES8PHchIgyyyTEQosHs8NSGp5YzFAZ7Xinp1H5mg3r7vl7Cf4_XuzlSMcyOXSsLPJ6Gd-YK4B4ls-A6bI7XI51EzDj9TkkJj9KCE2nm-PHG1fhHbGOSbAaqVnEOZv0B7aRODVhkriv5VtaiiXXoXscl_yAZh__wrwivupDcd77BFsXFNcCpsEUBdQ--eMBH9sGNC0jFn6VWKalzxTRoIakfwWmmjcnw8pWX88T3Uhoo2Jp7KD-il7viq8IQvlPH_BGNjna24u6W5KVgytdV_gF2-jqMUA~~>
<https://link.coursera.org/f/a/7wOd6TpxwRXPGJ0uwYx7Og~~/AAQRxRA~/hLqk3CaEwDU9QvQ7hW4W-wIWj4G7ZhWYE-PT77qOI2X0F4_uZrHuXzPgWES8PHchIgyyyTEQosHs8NSGp5YzFF--DDbKTHfSgxv13tH_E8UyIUg1riwSnhQSxtvAoPRKQ2d34mSb3ZhXFB0RCkLjvQzAaYw-wm1yXhKcjX4pMdppIE5JNI2iJ-Uu7RnUnLjue9cBgaqyJgbRIK5dUFEib4moLSUVphEL9hMDBLq-lJ32hrMHqDhW8MLAtGITrWvY2lTJjTqIHXvpS5bLTv6JXBJvA0VGprWoNvjFf_EubTbanLNrXN5JAUJBHFNAHSIDdY4leGNRGuq2Lg0zbzcxiA~~>
------------------------------

1World Economic Forum: Future of Jobs Report 2025
<https://link.coursera.org/f/a/gbpix9As47grjYs2v8alTg~~/AAQRxRA~/7oRoghNl6xEu42onXN6xCtVQwRevPpuTXMBNfBm0udJxtfs9wd4gFjJXEmvVyZI3I5xua_GatgytQY_0Fmykpsbo1rWxVE_AAya6QhDYsxWOYQRgz36rt9zsdwkWLVZzdnqWUVgoc_VKkqBjkfnm-Jt-JZZ3jrjfL0nAtkZjTTGGnjmArlGQG8fcI8-e6iWWWfG6DBYGTEIkmYMU9VfgyypTI0YjsEncf0nodErbpIvGi9DQIpG9EprwJyJUqNciOr9f1h3vueLd8ejEAdIK1Q5kilrSsouRvnz8L2d2qR9kMSa-XjCc9ws6kTAsUmxNUB83V4bmSjJHiRHPs31JOHQ7MEC4bdwZsZ4ag-7y6ZI~>
------------------------------

*Help*
<https://link.coursera.org/f/a/Vjwa9qZ2UxkjDhgc0P_9nw~~/AAQRxRA~/cvovknXFAohuCc5MvJUPQKmFGaRqLWXBtbfdl6W_47NMQM-ZlMvzw2vcyjhWqDlm0z52jB8sfEsn5hQ2LywXfksQiEmOxCxfhk9yAEQJ10GxMmK9w8ZwA6qKBV_Td9MjAE-lHPC74IJlkWdvFFZ3NMh73Q1qXgCAi_8zBOEUOIPMzJ5Auec7Ee8IxDds3abJG-xWVSPFFxPRDhl0E0h2wxufur6XPtNBCEI-RRTJPl9T_DnxcRRSsffHxJOkpSLLBKsNMNyXOsw5c7Y4URUUncmyJkpUrpCdywEMVwhby4n9e-rjJqzHZ-ZZUI1yt8sO>

*Coursera for Business*
<https://link.coursera.org/f/a/vUAMyQ83f5Nd4cTOz8pYLQ~~/AAQRxRA~/YCNPPEkF1HNOkyA1n_rtGDvdMBKGyngb46yXtt6ibrxA3RdO9bcnYRfAU7yQhi6CkMU3sto3inIqof7uj_YTAszK7HGEm4K_ABgKHDw9I7t_xmx_sXceXQhBSeFTFXHfomrNtWkCDWb2qK45vsoZFYK3yjGBW362S46Zi09kwYSpfWxRoil0grib_PuUyOTXHmJxnmU2w01rOaAOUjL7ozrw0JhcdOWvnmTfOc3k8Xjgq99CYN3c55EoG-XobiwIhqfXAIVhYjF_DYmrvZEhaw1K1L97j14OWetRjzWP2HPqEWoNLmtj-FumUtaC4hcQx2HB8hKTRdNDbzIaKp8rDTcVt-ZIxX7VcKPps884I1QLvjMGSX8NPW4uFAwBb48P>

*Email Settings*
<https://link.coursera.org/f/a/FBbZyquV9Bjxg0_SZR3i3g~~/AAQRxRA~/5rqlSKWP50prbuA0-50dgbEvmKOaROaWbbIzm_E0F6ycbPMQ0lMu9s5fvUJALX6Kb9ZikThjH30Ika8DDzZSP3T5TiBhTGIawn3BF2T6MHv_xq0Iq-MHCV95NhHhXZmtKjDOhGp96dljQL0hjW7Z_HftqozkZw209rAqfEHL8cd4GZMr6csLaoHRjihZEooP4OX74iTCpJvKVzRgkU0QWx9y9u8HWyNsgRR3RrMhArOhMBk9SiHzS5ycgdTrEUBQevKVXI6bCvxKp3hgn-FFunF6DpCWosJO5Dc29VrymceL-UoRFEqWSgT3BFiU2aA3pSNVozFYlg-kwYsbLGTD-A~~>

*Unsubscribe*
<https://link.coursera.org/f/a/S7BkDUhqXde0fbAG99d29Q~~/AAQRxRA~/Mlf7C39RGwWmRpMZew0H6H5Dcbh3I4oHiTBrRMx8dc0Xv45p1TxcXT9wc1QF6QDe8E70M9277M-5pXsFqnlYv8BCIlS2XlRY99hL7ebInCT3qRxpBaGingCCfjiBoL4DzXCJr9ICgNI9Lc76J51mm8DZBrwDLM4DApQmN_9HXlM329Mr9zjLOXeRSGmbJ0uqL2Cc8mdMLygi96qsGoQlNOyT3QFc5hUN6BZnmzlNEUhErWk9mZV_hkaOrnAjvyMShM5XUIUhW1fzgmNaPWOueXp30sExakI48CrFnWUKVWPbXXVg5Pj3nfa_VLqlyHSQSRi3LG4OTDoUdLIT9qXacFs2W7Yxcw6D4DAcT3r6IwaftMiwL35CRyOABePOkausvW-YcCD8pRuUr2v3vgEHF_Zuwfc8QVSAll2-rX9FP7ARr8LM9avak_SmwbnAFgz7UiW0jQ5ycP--6nhFZcxGOY7oj1EE6q_NrBeYv1xH4CRwlZd3v_wZemsu0Oq3oabpqI_amt1JLxWiAncSThOe5RkGjVz3j3o16U--2YeeHKjPO3Z9a10WV5qtLRoIYU0MBpqHhQAzmibiPz3q6bmRTtt3XY_GPjovksNidoligWmbeYVq67bsHw6Lt0-8SiwN2RZPBBBa0NtWtv6r9Dh8iSmUnZjvj1biC69tE3bM8tGH1yfKXFzibfYID-y-hf-D0Wy8v5bPTdvgvYSmwufk-5uJTDxX5mKSEoy33D0b5ToxmCCgGAtm8UZoBAZbMTxtdOt9I2nKkNs1o-gGSqIJPrq3TLd4qdAhiNgzA7Kt7jQlw-DIujo9YK8EF0ZNgVZhCykRjjk9_kijgyIlc2IQpqtsEs4-l4aVWI4iGZFYsRUOcw2B5WJEcd4S3Wbyy4FHENgXG31-z5f9JaPz8FzaBUixw8Ce3OCtO5yJE0PLzuMJ4F1GTBxOTk5QY-jXNCNcIpM-O7OjJiBWarwgwndcfH6IN8A5lzypIInguwzxSqMvd0qx4wedlPQtFlbZ7v_S5T9BLrlDBF3k-D8zY8_vRzsFtRN7teybEfgyQONOoODk4cBSxJpKZc4zLPknvZ2GkNcfzkctNtmMFxZs6scbGFXXAcg4bt-AmOdBIthN-PPITIp1veEZTHbyCPOAaBe5W6Wy1EaamA7nA7eTCUiqB4Nm42SOrgg1DOk2xnZZ8HXy5D28xthfUjg2vfZaTXM-AxCuVlMvMpCIaI8zQIYMb3EHHH7AKeHsjeU_-CbnSzOgRmx5EJPVprCN6cdYKqffU-BF4Jy8--7O9bX7sVab5IP829uTswMRMwk7WoohD2kjjJGgqKqlGbELNIj8-Ey9G2R6N028BMzp_XrUYeUPvdFu5NZ1hnDzVp--4HieiOU~>

*Privacy Notice*
<https://link.coursera.org/f/a/kIghzFcvJgIePMv7eehwFg~~/AAQRxRA~/SfKNPkuzU3xP_KyVFUmDlk265sGUMnVv-Jt8G36JgBh-EydTtTgpHYYB-rsMv0iTuWSlI3aX-FIkQX2Y5ujHTczWA9T-w1hLTxpAK2AvOystIvUPeQWR1jJb5VEFlWq60PtMfdF94W5uX4prddeJDmhsoOzf6yel45-GK7NMQSpjdLmBGWBYBaZ80Pk8W03hhyJYPbyIC6GbWIL-DykhPFaPAajnQoqagrTCZQwdQ0-kH-cHt6PbQRuWl9C4fogPOEU0BC2o921jHuQGtldlywZaLsU0PC7XNKzaoOUH2RFdek2TrdJZc8SvDNz_Ewzw>
[image: Get it on Google Play]
<https://link.coursera.org/f/a/kEiwroSs78DHz0Lb3Ixnew~~/AAQRxRA~/o4ZTkcnR4PyydAcxdxB431KGCfK8m7xKS_uAE8HT37NqnMnxD_5cMtsoskYJBMATDQSlyL5mgP4nKqXKq56cJLx-IqV7GYXj7ub4EQmi6gbadeBv_RuEdU5uVbXXA67g46SL-hRQxRUVzTIlJJKKWhWdSKYVpJKAeoLkUuewAFtJ7_5DNJp8m8ghw3Zp7RG2vJF98TARxUGaKmnxWyP3A1eYQn0A3T0voS07DPowigvRPiCPb9VWrf0c_F4qqKjrGwnWjTX3kT7fxiMrIx4VjcpqRn2ExYEyfKltWB9FUe0VEu2bWQ8EHtM_yLnh52gW>
[image:
Download on the App Store]
<https://link.coursera.org/f/a/3CHICU52sNZEp7rJkvK2dw~~/AAQRxRA~/o4ZTkcnR4PyydAcxdxB431KGCfK8m7xKS_uAE8HT37NqnMnxD_5cMtsoskYJBMATiI6Lew5KP-99v0FYGVGq-9My5hEWMc8BX9pbARBz0GF1HuyzJr5kUDSfU8k3Z8zNSPa9OyRHIl7u7PZST9rQmu0ZwhmoU-MTboz-aomOfwd6HP8ujBN299Z9ULviDKKPCgGSgoeYUNJh7-mFBzIpNEZ4Z40o06jczP36EcwMTUt7KhIMFzUTdNheSPg6KAdd7iptpbzDm-3nzmKV96eINlmXex7CJ4Xhyp0J2QALUeliWXhPmbmLwr81sMbfS2V_>

Follow
[image: Facebook]
<https://link.coursera.org/f/a/I45SzUWeCFTpaON6sJ4ovg~~/AAQRxRA~/EKyqriNwSS31a6XQ0p1RZ6rIKmbvZf-TUfH2PBoj8XgXIJ_gcWRnPGmHIEsbYE8ZJVfEwFPfRbjiG0vcbeh65islCUjARxK33ZcQrJ2o2v2vVyNk91mV468ejuQ_clRDsOwb9mZxcYW14Q6cipU4HKFUj_SHYQqkSPETwuI_q36Inr8Ch_WkH35ywogLV_8pkKo94-b6XlQlapaFaWSsVhQbWQeJcVsy5Wg3kSIeAIAcpLydcoWdQQB7SrJH0dH_qX_wk55hTXRFEkCGaEUQwHoVYju9GKa8o829A3bJCgBYSjFDFec68wlfkms_pnPU>
[image:
LinkedIn]
<https://link.coursera.org/f/a/iOJ5fywPQneR9J-J3V0k_g~~/AAQRxRA~/7xvc3PETP0C-19BkPyyqSI2uCq8r1sbxR4TYamcb0dYHpj906LSmPg0ZikegXm8_qyJn35SesfsWt95D0o4T-t31J6k47FAxkuSJNQD9ZqVD21uaH_IyzLoA_dnX46XieWQWhSbUoGpPniOVTV7mJt8A7yJDB1SMAwvqjbcLYO0tgkHphaPOSR1efCGUle3nV1WEforlDgQbrD4qw6ShydGzC34pGuwvQcA683ZlfCwBpTLI9jMHhsh0X8sDSnnsmp4PUh5otMv3UxGlp-dbD-zbGkJbhN3jXoTYv3UzNWN7yI_0VJakHOlbksPjMJF1>
[image:
X]
<https://link.coursera.org/f/a/WHl1A_EGdO5v7MPthZZztA~~/AAQRxRA~/rw5QTQeb53TgAJUZCbYmzoeLyy5BndsRUT85VCw2KhEtKReJFcoNTNv2PrXa4sHA3fOSGBHs9-02p-DJeM1IR40-dH4nmEzAJdBC_jcfOFnbZiDU1jZJxbXfF-FE4NbZ7jf9eLhnO5aW7mJz_6utlKS05j2SQ3oEY9WPlivP0GTbtAJekolhjNoDYWexR0O9LauPdPaZVNA1IyfzaIsUrAmtPV2o-5nQ3Wsks7DJqotIMzk0LCb3NNxXJqZs6NKo40DGnWT2g2YR5mtjUQihLT9XAM1e61vjCXD2dWGsdmk~>
[image:
Instagram]
<https://link.coursera.org/f/a/KpMtLxJgiugkoTWcugp7ug~~/AAQRxRA~/ip3u12HW8o1HgNlnpKBwCnwi57UcO4aOLBJoAEdTphUEjEFhP0DivRQe82QMB2rN5jBHOg--qqLkIsONfpTXguJ6EVgYsE7WQwPrZeN0B1igOa_Lnh-7NUqAd8X5qIArVid6mbCGNuxCXB58OW7DJcgTqkaH8tirBTmfOmcTPKGYopJVoU8lbPzJfb0nPDL6IzeStO_4Bi7GmjskvO5pd12ZLk73yCVsqzf3-PJn3-1bmsGNmXpPeFmKxVRL4YVshzif7XTrhOgxX2gaESEa-Ey0DgJSx75MEsK6bAGFX-SBk8KqvwJG7uYTCAd5k1hg>
[image:
TikTok]
<https://link.coursera.org/f/a/tCz_m846KoOXEgdv0T8UHA~~/AAQRxRA~/cvovknXFAohuCc5MvJUPQNxnmDkHiaXjEu-d8Mm1SEz3un7wLs_lBkWJegGY0mHG4gHHlXPCcSD-IrDEWv9R72ZKKtXddsNSOu5XFZ6_EhtxmZwnrdMYN_UyOE3mCxPo4mINw4vICRcbTtURJ_xLj4vVnysDGWf-1aoObVNSXPMx4DxXyl3WyyVfeHLI8XDKKjXeGKb_C_GYkJaBXV2bCnj7NgQdDQKzT2ka-Jyv3qgw8GnH5AxYS4v-NS4YG5FG53fVrOuhQXCLlRLrKlsis8l5RK4LpNowIIrLSh9Oz1ob3h895j7WX7Wto8JZ_78y>

© 2025 Coursera Inc. All rights reserved. Coursera and the Coursera logo
are registered trademarks of Coursera, Inc. All other trademarks are
property of their respective owners. Log in to manage all your notification
preferences in Email Settings
<https://link.coursera.org/f/a/DYEMZWk08ai4NJHRf8LNDQ~~/AAQRxRA~/5rqlSKWP50prbuA0-50dgbEvmKOaROaWbbIzm_E0F6ycbPMQ0lMu9s5fvUJALX6KqotvYomWNwJ02VKFBgySvOBp3fVm6ERsz8ZnYS5ZFxh7uJcRu-igNJKWshqRwuj4VhrjFKJR9WlqsAtRkfW8KQl1q0QoyyG547CA31CzaKEpvz9q4eI7y3YCFA1UlsyLvcgAemvV8iTN_dWT9zmABOj9pDyxkkEnqTwM-gxCpqIkx8B26BQq7kHzg0NiSS-u5vmAmMdG7pDh9hLXIlL6m9z4YFSCdxxLEi5dQ8BFjsQ8lhEWItcTALbuA4jni-6LvFfYDpSr4PqW-y1aBLp2fw~~>.


Coursera | 2440 W El Camino Real 5th floor, Mountain View, CA 94040 USA
","Sun, 4 Jan 2026 23:00:21 +0545"
53,inbox,MUKESH MAHARJAN <it.ktm@bwnepal.com>,"""filter420m@gmail.com"" <filter420m@gmail.com>","Fw: BOB of Jan,2026 & Monthly wise BOB,2026.","

Dear  Ji

Greetings of the Day!

I hope you are doing well.


I appreciate you taking the time to look into this and look forward to your support.

Best Regards,

Mukesh Maharjan | Asst Manager Network & System | it.ktm@bwnepal.com<mailto:it.ktm@bwnepal.com>
Kathmandu Hotel
Pingalasthan, Tilganga Marg | Kathmandu
P: 01-5971499
Reservations: reservations.ktm@bwnepal.com<mailto:reservations.ktm@bwnepal.com>
Best Western Hotels & Resorts<https://www.bestwestern.com/en_US/book/hotels-in-kathmandu/best-western-plus-kathmandu-hotel/propertyCode.78736.html><https://www.bestwestern.com/en_US/book/hotels-in-kathmandu/best-western-plus-kathmandu-hotel/propertyCode.78736.html> | bestwestern.com<https://www.bestwestern.com/en_US.html>

[cid:20c093c8-12f2-4ab2-a705-81711b3e2687]




________________________________
From: Rajesh Paudel <fnb.ktm@bwnepal.com>
Sent: Saturday, January 3, 2026 10:08 PM
To: BQT KTM <bqt.ktm@bwnepal.com>; Elina Adhakari <astt1.ktm@bwnepal.com>; Bidur K Koirala <dfc.ktm@bwnepal.com>; Binisha <marcom.ktm@bwnepal.com>; Birkha ji <exechef.ktm@bwnepal.com>; DEVI NEUPANE <ro.ktm@bwnepal.com>; Ranu Thapa <dosm.ktm@bwnepal.com>; Duty Manager FO <dm.ktm@bwnepal.com>; Varun Sharma <afom.ktm@bwnepal.com>; FO BWP <fo.ktm@bwnepal.com>; Hari Lamsal <cer.ktm@bwnepal.com>; Uma Thapa <hr.ktm@bwnepal.com>; Kabita ji <ahk.ktm@bwnepal.com>; MUKESH MAHARJAN <it.ktm@bwnepal.com>; LND Kathmandu <lnd.ktm@bwnepal.com>; Nisha Tamang <sales1.ktm@bwnepal.com>; Raj Basnet <ehk.ktm@bwnepal.com>; Sailesh KC <ufc.ktm@bwnepal.com>; SANGEETA SHRESTHA <reservations.ktm@bwnepal.com>; Umesh Shrestha <sales2.ktm@bwnepal.com>
Cc: Jatin Shrestha <gm.ktm@bwnepal.com>; Bachchuram Chaulagain <afnb.ktm@bwnepal.com>
Subject: BOB of Jan,2026 & Monthly wise BOB,2026.

Dear Team,
Greetings of the Day..!
Kindly find the attached  BOB of Jan,2026 & Monthly wise BOB,2026.

Thank you for your kind cooperation.




Best Regards,

Rajesh Paudel | Outlet Manager | fnb.ktm@bwnepal.com<mailto:fnb.ktm@bwnepal.com>
Kathmandu Hotel
Pingalasthan,Tilganga Marg | Kathmandu
P: 01-5971499
Reservations: reservations.ktm@bwnepal.com<mailto:reservations.ktm@bwnepal.com>
Best Western Hotels & Resorts<https://www.bestwestern.com/en_US/book/hotels-in-kathmandu/best-western-plus-kathmandu-hotel/propertyCode.78736.html><https://www.bestwestern.com/en_US/book/hotels-in-kathmandu/best-western-plus-kathmandu-hotel/propertyCode.78736.html> | bestwestern.com<https://www.bestwestern.com/en_US.html>
[cid:e4ed18a7-0a03-458c-8670-81b6df54813d]

","Sun, 4 Jan 2026 09:53:48 +0000"
52,inbox,MUKESH MAHARJAN <it.ktm@bwnepal.com>,"""filter420m@gmail.com"" <filter420m@gmail.com>",Fw: FA Budget(Expenditure),"

Dear  Ji

Greetings of the Day!

I hope you are doing well.


I appreciate you taking the time to look into this and look forward to your support.

Best Regards,

Mukesh Maharjan | Asst Manager Network & System | it.ktm@bwnepal.com<mailto:it.ktm@bwnepal.com>
Kathmandu Hotel
Pingalasthan, Tilganga Marg | Kathmandu
P: 01-5971499
Reservations: reservations.ktm@bwnepal.com<mailto:reservations.ktm@bwnepal.com>
Best Western Hotels & Resorts<https://www.bestwestern.com/en_US/book/hotels-in-kathmandu/best-western-plus-kathmandu-hotel/propertyCode.78736.html><https://www.bestwestern.com/en_US/book/hotels-in-kathmandu/best-western-plus-kathmandu-hotel/propertyCode.78736.html> | bestwestern.com<https://www.bestwestern.com/en_US.html>

[cid:ffc875c7-8e02-403a-bbcb-d620707a958c]


________________________________
From: Sailesh KC <ufc.ktm@bwnepal.com>
Sent: Sunday, January 4, 2026 10:50 AM
To: Jitendra Rai <jitendra.rai@idsnext.com>; Amit Kafle <amit.kafle@proactivenext.com>; Prashant B <prashant.b@proactivenext.com>; Prasanth G Nair <prasanth.nair@idsnext.com>; Saurav Dahal <saurav.dahal@proactivenext.com>
Cc: MUKESH MAHARJAN <it.ktm@bwnepal.com>; Jatin shrestha <gm.ktm@bwnepal.com>; Suraj Neupane <surajneup@gmail.com>
Subject: FA Budget(Expenditure)

Dear Team IDS,

Kindly configure the setup to post  the FA Budget(Expenses)  for the year 2026.
[cid:476037b7-4095-4b83-a639-ba03ec3c9fa0]


Best Regards,

Sailesh KC | Unit Finance Controller | ufc.ktm@bwnepal.com<mailto:it.ktm@bwnepal.com>
Kathmandu Hotel
Pingalasthan, Tilganga Marg | Kathmandu
P: 01-5971499 ,9767221695
Reservations: reservations.ktm@bwnepal.com<mailto:reservations.ktm@bwnepal.com>
Best Western Hotels & Resorts<https://www.bestwestern.com/en_US/book/hotels-in-kathmandu/best-western-plus-kathmandu-hotel/propertyCode.78736.html><https://www.bestwestern.com/en_US/book/hotels-in-kathmandu/best-western-plus-kathmandu-hotel/propertyCode.78736.html> | bestwestern.com<https://www.bestwestern.com/en_US.html>

[cid:4573fe8f-ef9a-4c37-9252-20a54e12f2a0]

","Sun, 4 Jan 2026 09:53:13 +0000"
51,inbox,MUKESH MAHARJAN <it.ktm@bwnepal.com>,"""filter420m@gmail.com"" <filter420m@gmail.com>",Security Team <security-alert@fake-mail.example>,"Dear Customer,
We detected unusual activity on your account. As a security measure, your account has been temporarily limited.
To restore full access, please verify your information within 24 hours, otherwise your account may be permanently suspended.
👉 Verify Now: https://verification.example/secure-login
Failure to complete this process may result in service interruption.
Thank you for your prompt attention.
Sincerely,
Support Team
Customer Security Department

","Sat, 3 Jan 2026 11:31:15 +0000"
50,inbox,MUKESH MAHARJAN <it.ktm@bwnepal.com>,"""filter420m@gmail.com"" <filter420m@gmail.com>",Fw: Fw: ,"

Dear  Ji

Greetings of the Day!

I hope you are doing well.


I appreciate you taking the time to look into this and look forward to your support.

Best Regards,

Mukesh Maharjan | Asst Manager Network & System | it.ktm@bwnepal.com<mailto:it.ktm@bwnepal.com>
Kathmandu Hotel
Pingalasthan, Tilganga Marg | Kathmandu
P: 01-5971499
Reservations: reservations.ktm@bwnepal.com<mailto:reservations.ktm@bwnepal.com>
Best Western Hotels & Resorts<https://www.bestwestern.com/en_US/book/hotels-in-kathmandu/best-western-plus-kathmandu-hotel/propertyCode.78736.html><https://www.bestwestern.com/en_US/book/hotels-in-kathmandu/best-western-plus-kathmandu-hotel/propertyCode.78736.html> | bestwestern.com<https://www.bestwestern.com/en_US.html>

[cid:b5fe0ab1-8a9f-4b10-88d8-8f1d6832c969]




________________________________
From: MUKESH MAHARJAN <it.ktm@bwnepal.com>
Sent: Saturday, January 3, 2026 2:46 PM
To: filter420m@gmail.com <filter420m@gmail.com>
Subject: Fw: Fw:




Dear  Ji

Greetings of the Day!

I hope you are doing well.


I appreciate you taking the time to look into this and look forward to your support.

Best Regards,

Mukesh Maharjan | Asst Manager Network & System | it.ktm@bwnepal.com<mailto:it.ktm@bwnepal.com>
Kathmandu Hotel
Pingalasthan, Tilganga Marg | Kathmandu
P: 01-5971499
Reservations: reservations.ktm@bwnepal.com<mailto:reservations.ktm@bwnepal.com>
Best Western Hotels & Resorts<https://www.bestwestern.com/en_US/book/hotels-in-kathmandu/best-western-plus-kathmandu-hotel/propertyCode.78736.html><https://www.bestwestern.com/en_US/book/hotels-in-kathmandu/best-western-plus-kathmandu-hotel/propertyCode.78736.html> | bestwestern.com<https://www.bestwestern.com/en_US.html>

[cid:8f51afff-66d7-4648-831b-b419d489502e]




________________________________
From: Raj Basnet <ehk.ktm@bwnepal.com>
Sent: Friday, January 2, 2026 6:45 PM
To: MUKESH MAHARJAN <it.ktm@bwnepal.com>
Subject: Fw:




Dear Mukesh ji,

FYI.



Best Regards,

Raj Basnet | Housekeeping Manager | ehk.ktm@bwnepal.com<mailto:ehk.ktm@bwnepal.com>
Kathmandu Hotel
Pingalasthan, Tilganga Marg | Kathmandu
P: 01-5971499
Reservations: reservations.ktm@bwnepal.com<mailto:reservations.ktm@bwnepal.com>
Best Western Hotels & Resorts<https://www.bestwestern.com/en_US/book/hotels-in-kathmandu/best-western-plus-kathmandu-hotel/propertyCode.78736.html><https://www.bestwestern.com/en_US/book/hotels-in-kathmandu/best-western-plus-kathmandu-hotel/propertyCode.78736.html> | bestwestern.com<https://www.bestwestern.com/en_US.html>

[cid:e88d647e-ac8d-437a-a9e7-f5f6eef2628e]




________________________________
From: Varun Sharma <afom.ktm@bwnepal.com>
Sent: Friday, January 2, 2026 6:25 PM
To: Raj Basnet <ehk.ktm@bwnepal.com>
Subject:

FYI........


Thank you for your cooperation and continued support.

""We'd love to hear your thoughts! Please take a moment to share by clicking Feedback<https://www.tripadvisor.com/UserReviewEdit-g293890-d33244199-Best_Western_Plus_Kathmandu-Kathmandu_Kathmandu_Valley_Bagmati_Zone_Central_Region.html> <https://www.tripadvisor.com/UserReviewEdit-g293890-d33244199-Best_Western_Plus_Kathmandu-Kathmandu_Kathmandu_Valley_Bagmati_Zone_Central_Region.html> ""


Best Regards,

Varun Sharma | Asst Front Office Manager | afom.ktm@bwnepal.com<mailto:afom.ktm@bwnepal.com>
Kathmandu Hotel
Pingalasthan,Tilganga Marg | Kathmandu
P: 01-5971499
Reservations: reservations.ktm@bwnepal.com<mailto:reservations.ktm@bwnepal.com>
Best Western Hotels & Resorts<https://www.bestwestern.com/en_US/book/hotels-in-kathmandu/best-western-plus-kathmandu-hotel/propertyCode.78736.html><https://www.bestwestern.com/en_US/book/hotels-in-kathmandu/best-western-plus-kathmandu-hotel/propertyCode.78736.html> | bestwestern.com<https://www.bestwestern.com/en_US.html>

[cid:8276d76b-4445-4af0-ab90-7e31047c4e1b]
","Sat, 3 Jan 2026 11:11:52 +0000"
49,inbox,MUKESH MAHARJAN <it.ktm@bwnepal.com>,"""filter420m@gmail.com"" <filter420m@gmail.com>",Fw: Fw: ,"

Dear  Ji

Greetings of the Day!

I hope you are doing well.


I appreciate you taking the time to look into this and look forward to your support.

Best Regards,

Mukesh Maharjan | Asst Manager Network & System | it.ktm@bwnepal.com<mailto:it.ktm@bwnepal.com>
Kathmandu Hotel
Pingalasthan, Tilganga Marg | Kathmandu
P: 01-5971499
Reservations: reservations.ktm@bwnepal.com<mailto:reservations.ktm@bwnepal.com>
Best Western Hotels & Resorts<https://www.bestwestern.com/en_US/book/hotels-in-kathmandu/best-western-plus-kathmandu-hotel/propertyCode.78736.html><https://www.bestwestern.com/en_US/book/hotels-in-kathmandu/best-western-plus-kathmandu-hotel/propertyCode.78736.html> | bestwestern.com<https://www.bestwestern.com/en_US.html>

[cid:8f51afff-66d7-4648-831b-b419d489502e]




________________________________
From: Raj Basnet <ehk.ktm@bwnepal.com>
Sent: Friday, January 2, 2026 6:45 PM
To: MUKESH MAHARJAN <it.ktm@bwnepal.com>
Subject: Fw:




Dear Mukesh ji,

FYI.



Best Regards,

Raj Basnet | Housekeeping Manager | ehk.ktm@bwnepal.com<mailto:ehk.ktm@bwnepal.com>
Kathmandu Hotel
Pingalasthan, Tilganga Marg | Kathmandu
P: 01-5971499
Reservations: reservations.ktm@bwnepal.com<mailto:reservations.ktm@bwnepal.com>
Best Western Hotels & Resorts<https://www.bestwestern.com/en_US/book/hotels-in-kathmandu/best-western-plus-kathmandu-hotel/propertyCode.78736.html><https://www.bestwestern.com/en_US/book/hotels-in-kathmandu/best-western-plus-kathmandu-hotel/propertyCode.78736.html> | bestwestern.com<https://www.bestwestern.com/en_US.html>

[cid:e88d647e-ac8d-437a-a9e7-f5f6eef2628e]




________________________________
From: Varun Sharma <afom.ktm@bwnepal.com>
Sent: Friday, January 2, 2026 6:25 PM
To: Raj Basnet <ehk.ktm@bwnepal.com>
Subject:

FYI........


Thank you for your cooperation and continued support.

""We'd love to hear your thoughts! Please take a moment to share by clicking Feedback<https://www.tripadvisor.com/UserReviewEdit-g293890-d33244199-Best_Western_Plus_Kathmandu-Kathmandu_Kathmandu_Valley_Bagmati_Zone_Central_Region.html> <https://www.tripadvisor.com/UserReviewEdit-g293890-d33244199-Best_Western_Plus_Kathmandu-Kathmandu_Kathmandu_Valley_Bagmati_Zone_Central_Region.html> ""


Best Regards,

Varun Sharma | Asst Front Office Manager | afom.ktm@bwnepal.com<mailto:afom.ktm@bwnepal.com>
Kathmandu Hotel
Pingalasthan,Tilganga Marg | Kathmandu
P: 01-5971499
Reservations: reservations.ktm@bwnepal.com<mailto:reservations.ktm@bwnepal.com>
Best Western Hotels & Resorts<https://www.bestwestern.com/en_US/book/hotels-in-kathmandu/best-western-plus-kathmandu-hotel/propertyCode.78736.html><https://www.bestwestern.com/en_US/book/hotels-in-kathmandu/best-western-plus-kathmandu-hotel/propertyCode.78736.html> | bestwestern.com<https://www.bestwestern.com/en_US.html>

[cid:8276d76b-4445-4af0-ab90-7e31047c4e1b]
","Sat, 3 Jan 2026 09:01:19 +0000"
48,inbox,MUKESH MAHARJAN <it.ktm@bwnepal.com>,"""filter420m@gmail.com"" <filter420m@gmail.com>",Fw: Daily Forecast Report & Daily Standup Meet,"

Dear  Ji

Greetings of the Day!

I hope you are doing well.


I appreciate you taking the time to look into this and look forward to your support.

Best Regards,

Mukesh Maharjan | Asst Manager Network & System | it.ktm@bwnepal.com<mailto:it.ktm@bwnepal.com>
Kathmandu Hotel
Pingalasthan, Tilganga Marg | Kathmandu
P: 01-5971499
Reservations: reservations.ktm@bwnepal.com<mailto:reservations.ktm@bwnepal.com>
Best Western Hotels & Resorts<https://www.bestwestern.com/en_US/book/hotels-in-kathmandu/best-western-plus-kathmandu-hotel/propertyCode.78736.html><https://www.bestwestern.com/en_US/book/hotels-in-kathmandu/best-western-plus-kathmandu-hotel/propertyCode.78736.html> | bestwestern.com<https://www.bestwestern.com/en_US.html>

[cid:0c4c6912-4b24-421e-9835-676a59a931d6]


________________________________
From: Duty Manager FO <dm.ktm@bwnepal.com>
Sent: Saturday, January 3, 2026 5:20 AM
To: Jatin Shrestha <gm.ktm@bwnepal.com>; Varun Sharma <afom.ktm@bwnepal.com>; Bachchuram Chaulagain <afnb.ktm@bwnepal.com>; Birkha ji <exechef.ktm@bwnepal.com>; Raj Basnet <ehk.ktm@bwnepal.com>; Umesh Shrestha <sales2.ktm@bwnepal.com>; Hari Lamsal <cer.ktm@bwnepal.com>; Bidur K Koirala <dfc.ktm@bwnepal.com>; Sailesh KC <ufc.ktm@bwnepal.com>; MUKESH MAHARJAN <it.ktm@bwnepal.com>; Laxman Giri <cso.ktm@bwnepal.com>; Ranu Thapa <dosm.ktm@bwnepal.com>; Uma Thapa <hr.ktm@bwnepal.com>; LND Kathmandu <lnd.ktm@bwnepal.com>
Subject: Daily Forecast Report & Daily Standup Meet

Respected All,

Greetings of the day!!!

Please find the attached Daily Forecast Report & Daily Standup Meet for your kind reference.

Please feel free to contact us for any further assistance.

Thank you.

Wishing you all a productive and fulfilling day ahead.




Best Regards,

Sujan Khanal | Front Office Executive | dm.ktm@bwnepal.com<mailto:dm.ktm@bwnepal.com>
Kathmandu Hotel
Pingalasthan,Tilganga Marg | Kathmandu
P: 01-5971499
Reservations: reservations.ktm@bwnepal.com<mailto:reservations.ktm@bwnepal.com>
Best Western Hotels & Resorts<https://www.bestwestern.com/en_US/book/hotels-in-kathmandu/best-western-plus-kathmandu-hotel/propertyCode.78736.html><https://www.bestwestern.com/en_US/book/hotels-in-kathmandu/best-western-plus-kathmandu-hotel/propertyCode.78736.html> | bestwestern.com<https://www.bestwestern.com/en_US.html>

[cid:3a90cee8-9db4-43db-a572-47a771691974]

","Sat, 3 Jan 2026 08:58:59 +0000"
47,inbox,Google <no-reply@accounts.google.com>,filter420m@gmail.com,Security alert,"[image: Google]
You allowed Google Drive for desktop access to some of your Google Account
data


filter420m@gmail.com

If you didn’t allow Google Drive for desktop access to some of your Google
Account data, someone else may be trying to access your Google Account data.

Take a moment now to check your account activity and secure your account.
Check activity
<https://accounts.google.com/AccountChooser?Email=filter420m@gmail.com&continue=https://myaccount.google.com/alert/nt/1767419551000?rfn%3D127%26rfnc%3D1%26eid%3D4351788890771858008%26et%3D0>
To make changes at any time to the access that Google Drive for desktop has
to your data, go to your Google Account
<https://accounts.google.com/AccountChooser?Email=filter420m@gmail.com&continue=https://myaccount.google.com/connections/overview/ARxY5h_TUHjjjjkrcWejAXKuQhhE6zvBPTGyyFk4eu7BwI-E7AfN9Kjs9OKTEV4UfC6iTjVo6IiHdvGTk4JobpAOSxY?utm_source%3Dsec_alert%26utm_medium%3Demail_notification%26force_all%3Dtrue>
You can also see security activity at
https://myaccount.google.com/notifications
You received this email to let you know about important changes to your
Google Account and services.
© 2025 Google LLC, 1600 Amphitheatre Parkway, Mountain View, CA 94043, USA
","Sat, 03 Jan 2026 05:52:31 GMT"
46,inbox,Google <no-reply@accounts.google.com>,filter420m@gmail.com,Security alert,"[image: Google]
You allowed Google Drive for desktop access to some of your Google Account
data


filter420m@gmail.com

If you didn’t allow Google Drive for desktop access to some of your Google
Account data, someone else may be trying to access your Google Account data.

Take a moment now to check your account activity and secure your account.
Check activity
<https://accounts.google.com/AccountChooser?Email=filter420m@gmail.com&continue=https://myaccount.google.com/alert/nt/1767363069000?rfn%3D127%26rfnc%3D1%26eid%3D-1697224329474403427%26et%3D0>
To make changes at any time to the access that Google Drive for desktop has
to your data, go to your Google Account
<https://accounts.google.com/AccountChooser?Email=filter420m@gmail.com&continue=https://myaccount.google.com/connections/overview/ARxY5h_aHXfbA8HdGqiK-BpGsgD0_TogOqA2qJzr4KtEGbZ5P89VezIqtF3_t54N92dQHUSsRYaz4FIBCR-khrKiBPE?utm_source%3Dsec_alert%26utm_medium%3Demail_notification%26force_all%3Dtrue>
You can also see security activity at
https://myaccount.google.com/notifications
You received this email to let you know about important changes to your
Google Account and services.
© 2026 Google LLC, 1600 Amphitheatre Parkway, Mountain View, CA 94043, USA
","Fri, 02 Jan 2026 14:11:09 GMT"
45,inbox,Google <no-reply@google.com>,filter420m@gmail.com,"Filter, review your Google Account settings","
Hi Filter,

Welcome to Google on your new PC. Here are a few tips to get you started.

Control your account

Choose what's right for you. Review and adjust your privacy and security  
settings any time

Continue  
<https://c.gle/ANnMTcbKHNFLxxxQhVcKX5Q64Yb6n_rtKnx6h1qt1KrvWN35tS945hVfzw7QOq5EOG_kh9o33TNAH0z0BcRwt0aZHNC03-r4mpyevx4uiV1w9OuNquyEXStJjULh-h5yoUm7b4Cbo1wokWyrjFS8FfCKaUVOkfHtmhSN8MtDA4U9HRjfD5yjlHJTf7kOHnd1vlujtqoXBOudJp8oZtT9eSexxCAleCc>

Browse the web using Google Chrome

Choose Chrome, the browser by Google

Chrome updates every 4 weeks, so you can get the latest safety features and  
fixes, protecting you from security threats like malware or phishing

Get Chrome  
<https://c.gle/ANnMTcbk0SuKP2oRo6pRam2P4hJ80PLm1fzkslPEVTh6P_AxaZhOV5sg_QV3fUXbjBVmqQMHA69ySMeckL19mKihkBtfNmHUErFbA-48Ca5BjwoKphG52sL2-LD1mbO_9PdMNjRR50bhXCwUV5UKsQLl7ovdrn4Q1-hu0umeXL1czrwgw1FJaS4XDid7KNX89ti8Vb1kQrnKDdPzH19yr8XnII6AZzA-jD1DCXbo9jzrH7J-wFrep78d2pSUB_mRqWUGHKq1MPJJt3IgM6jO9KuaKoH1r9xOkQ>

Get the most out of your Google Account

We'll send you personalized tips, news and recommendations from Google

Yes, keep me updated  
<https://c.gle/ANnMTcbGpVE9QkTQGt52R4qo-pIxk8dhX1d2yfX80J6VDC45YFW8HMo4Tl9QpioUUj8X_w2NV06PNo8A8yH0H6XqI1C7nrBpMFgNLA_SJmdKyyh53vfn5FUzTmVcm-037Jh1zmyedGGM0C1vWKQJVO6nwFb-4kjTex7iBQ06OMOzMtuyr4gW-iGWM9LJ9o0KPjMw9Vv_PSD5XC1S4Yz8LDs9JEnjokuUo2iocWDsrN9oAASOA8o7iGATwbn6qkd8ENdZelN99bhOJm4TkqCjLGRjONu8ClTYQVO8iBJUb_7CpllcD2LhGm9r7TnKXa-8XsAdp-qVyrWa_vrRI0Ju7y41AkIoxdi7AWqpRGp6KrfouB-BSkQ4bIxe2etx-Ni0jKfy6t0iWFGJ3r9kLX8PRy1UO-6Dk9-eXA7Y0MWvSbvm9FlyvviTs8vgjpYC6rMhFQAE2lY4V_juu2iZJ1C-aiaYcM0OLNzhIMG9WMGOn8rCsRKmbPYyflfIN5rYSUvr_sLs4nzSo5rOr_CHWIGPl6FxPMwc_BepW744L26T-cZePVNc8z_-mAJrB-jiZfc>

This email was sent to filter420m@gmail.com <filter420m@gmail.com> because  
you recently signed into your Google Account on your Mac device. If you do  
not wish to receive emails to help you set up your device with Google when  
you sign into your account on the device for the first time, please  
unsubscribe  
<https://c.gle/ANnMTcbM2kH3kLG575Oki50anfoIK2IHAabd80eWriFRDUVx0qWIrtOTUr3z-UHCD1JBrv8B--ziweyuCXVloOlPC8rmjhnUcyjUTU6l6CbVVed7QdvM9Wiw72-oqLtJ4G3sg35WrQ1brPhvyv31AoeNNOq44aJ5DlB6pEfVOP9doAyP9Y5ZW7uoNf_7_T3oIXr3DDT0pwv6U9PASplS5qlx6HWSVxpYxOSkDUeGAJqkHaWSrIzzbtgCOC1gL8Uh2Vo1T8sBcWpPS6ZgscBm2JO0MI5y9kemGHl80cHTQD1XWap1PKJsMzqeUQvwlSYGbnXj1JfD2PKOPKzDrcuqZ4kShSK7XUCLhFLUMeLlYxDWaf-6lqEA3R4Dgfx4D9nuUYb06M-xRdp7B35Y2GN56uqQKV66cPOCaN8Lryd2nTRXYkIi37sa0bFqhKAEvpjbsO-rsQqD7CjhdHB8xKqSH72VPO8J1c9j53gZZaeQI5ufEhAuqVgOWoJumcLHI1-Ab-YjIMsf8i3NEywDQht1YXUuexrKlVz0rTmWeErwu9ePTODJKqW5d9zT9ygGg0WZ>.

© 2026 Google LLC 1600 Amphitheatre Parkway, Mountain View, CA 94043
","Fri, 02 Jan 2026 06:03:01 -0800"
44,inbox,Google <no-reply@accounts.google.com>,filter420m@gmail.com,Security alert,"[image: Google]
A new sign-in on Mac


filter420m@gmail.com
We noticed a new sign-in to your Google Account on a Mac device. If this
was you, you don’t need to do anything. If not, we’ll help you secure your
account.
Check activity
<https://accounts.google.com/AccountChooser?Email=filter420m@gmail.com&continue=https://myaccount.google.com/alert/nt/1767362518000?rfn%3D325%26rfnc%3D1%26eid%3D5363715303913870665%26et%3D0>
You can also see security activity at
https://myaccount.google.com/notifications
You received this email to let you know about important changes to your
Google Account and services.
© 2025 Google LLC, 1600 Amphitheatre Parkway, Mountain View, CA 94043, USA
","Fri, 02 Jan 2026 14:01:58 GMT"
43,inbox,Muk S Mhrzn <khecha.apex@gmail.com>,"""filter420m@gmail.com"" <filter420m@gmail.com>",Fwd: Issue 309: Your year Stacked,"---------- Forwarded message ---------
From: Stack Overflow <do-not-reply@hello.stackoverflow.email>
Date: Wed, Dec 24, 2025 at 9:15 PM
Subject: Issue 309: Your year Stacked
To: <khecha.apex@gmail.com>


AWS re:Invent, coding with cats, and mayo disasters
͏ ‌     ﻿ ͏ ‌     ﻿ ͏ ‌     ﻿ ͏ ‌     ﻿ ͏ ‌     ﻿ ͏ ‌     ﻿ ͏ ‌     ﻿ ͏ ‌
  ﻿ ͏ ‌     ﻿ ͏ ‌     ﻿ ͏ ‌     ﻿ ͏ ‌     ﻿ ͏ ‌     ﻿ ͏ ‌     ﻿ ͏ ‌     ﻿ ͏
‌     ﻿ ͏ ‌     ﻿ ͏ ‌     ﻿ ͏ ‌     ﻿ ͏ ‌     ﻿ ͏ ‌     ﻿ ͏ ‌     ﻿ ͏ ‌
﻿ ͏ ‌     ﻿ ͏ ‌     ﻿ ͏ ‌     ﻿ ͏ ‌     ﻿ ͏ ‌     ﻿ ͏ ‌     ﻿ ͏ ‌     ﻿ ͏ ‌
    ﻿ ͏ ‌     ﻿ ͏ ‌     ﻿ ͏ ‌     ﻿ ͏ ‌     ﻿ ͏ ‌     ﻿ ͏ ‌     ﻿ ͏ ‌     ﻿
͏ ‌     ﻿ ͏ ‌     ﻿ ͏ ‌     ﻿ ͏ ‌     ﻿ ͏ ‌     ﻿ ͏ ‌     ﻿ ͏ ‌     ﻿ ͏ ‌
  ﻿ ͏ ‌     ﻿ ͏ ‌     ﻿ ͏ ‌     ﻿ ͏ ‌     ﻿ ͏ ‌     ﻿ ͏ ‌     ﻿ ͏ ‌     ﻿ ͏
‌     ﻿ ͏ ‌     ﻿ ͏ ‌     ﻿ ͏ ‌     ﻿ ͏ ‌     ﻿ ͏ ‌     ﻿ ͏ ‌     ﻿ ͏ ‌
﻿ ͏ ‌     ﻿ ͏ ‌     ﻿ ͏ ‌     ﻿ ͏ ‌     ﻿ ͏ ‌     ﻿ ͏ ‌     ﻿ ͏ ‌     ﻿ ͏ ‌
    ﻿ ͏ ‌     ﻿ ͏ ‌     ﻿ ͏ ‌     ﻿ ͏ ‌     ﻿ ͏ ‌     ﻿ ͏ ‌     ﻿ ͏ ‌     ﻿
͏ ‌     ﻿ ͏ ‌     ﻿ ͏ ‌     ﻿ ͏ ‌     ﻿ ͏ ‌     ﻿ ͏ ‌     ﻿ ͏ ‌     ﻿ ͏ ‌
  ﻿ ͏ ‌     ﻿ ͏ ‌     ﻿ ͏ ‌     ﻿ ͏ ‌     ﻿ ͏ ‌     ﻿ ͏ ‌     ﻿ ͏ ‌     ﻿ ͏
‌     ﻿ ͏ ‌     ﻿ ͏ ‌     ﻿ ͏ ‌     ﻿ ͏ ‌     ﻿ ͏ ‌     ﻿ ͏ ‌     ﻿ ͏ ‌
﻿ ͏ ‌     ﻿
<https://clicks.stackoverflow.email/f/a/VIQWSIh1ChT2oPw8kjDx9w~~/AAQRxRA~/31yCTM7cWpJio982yhKcvUC8AGA1SsenjU18LFMLcR2tg3JEKlxemPmjkrvUjUF_AyW_-kEm6WMV0GKINhhU3JJB9b3DjpPft8p-sZdpqU4YHWweHv1mDyKLPCHxobvvlgtVUFLtEELuu262bY7wbg~~>
[image: The Overflow.]
24 December

Don't let all those year in-review posts on your social media feeds fool
you—we've got plenty of new stories for you this week. We just got back
from AWS re:Invent, and we've got the skinny on all the new tech announced.
Two podcasts, two different takes. First, our very own CEO Prashanth
Chandrasekar and Director of Data Science Michael Foree joined us to
discuss everything they heard and saw at the event. Corey Quinn, Chief
Cloud Economist at Duckbill and snark king, also sat down with us to
debrief on all things re:Invent, from the new technology to the
restaurants. If you're more of a reader than a listener, we have a full
recap for you on the blog of everything you'd want to know from re:Invent
2025.

Fine, we won't be a Scrooge McDuck...we'll get into the wrapped spirit too.
Let's take a walk down memory lane—maybe with Your 2025 Stacked, our fun
year-in-review for our Stack Internal customers. Not your style? No
worries. From the web, we've got a state of AI coding report for you, so
you can look back and think about all the hours you saved (or more likely
wasted) with coding bots. If you want to take it even further back, read
about how they're recovering the lost files of Sega Channel. Maybe you'd
even be interested in the history of your favorite default font, Times New
Roman.

If that's too much nostalgia for you, let's wrap this up by bringing you
back to 2025. No Overflow could be complete without a few questions and a
few answers, and this week we've even got the top ten Q&As of the year from
our sites. Plus, we've plenty more—everything from melting big pieces of
ice to ritualized workplace confessions and mayo disasters. It's all down
below for you, wrapped and ready to go.
From the blog

Last week in AWS re:Invent with Corey Quinn
<https://clicks.stackoverflow.email/f/a/UM0PlK3al1-uf5GftwBuiA~~/AAQRxRA~/Wdg-UbmD_Fgleuwv6cKLiPA0GzGMwq4M-3qGrE5DZPiH0_YjQXm_dnmxOz5V52rF2boyva9U5IH9LPI6xTkk95l3rFsIsDSoeqkflUX2vcF5_6tHFB9MffxaD9JSNDnPEN8mVM1xgb5xBsoQU5t1Thq7q-r5MeS8HPEaLOh1y2CqtaKffNJg_6zhXoJjbvD-8jpXAnR4hU9ihsyL3in3Qkn9IHZJKrhrX0hkxH8BCENjT72-P0lFaQyKN7YgjENO1lgN2tYy_TexwfrM18V1UHIjUEfx_aMrDHXkGDdG_5lumN3BFFh72TpCKSskXP3s>
 stackoverflow.blog
Ryan sits down with Corey Quinn, Chief Cloud Economist at Duckbill, at AWS
re:Invent to get Corey’s patented snarky take on all the happenings from
the conference.

The 2025 Stack Overflow and Stack Exchange wrap—our top ten questions of
the year!
<https://clicks.stackoverflow.email/f/a/8rNBtEQozXhMggDidRowvw~~/AAQRxRA~/9__-BHqwj1lacALPhmFthOBfzQ5C4Cqqk6-Hllixeaee1Zt_M7wKVjXdQIsA7Vg6HLBcc6YZVhHoiat6-3T61QkMmOReFZVvtnqhsAEN-ECvovxrM94kPykCkUv-FjMSiBIgwGIB55eIEC4zB4X_rJ7MCzPOJDu29dGOTi-rCBTUQV6e-Z_VGwbJMviMMVGwvAQCSDfCrGspWoprIhkRYx1__U_fU-BBHqmlS9yi9d7_2iDOnt-g99WQaNpKHZN2GAqriVVmtXC4rbhd2Mtg4V3-pq40IaI-uE1acE6zsbwYfbtIITcoD_q5DYH_olZA>
 stackoverflow.blog
As 2025 comes to a close, we're sharing some of the top questions from
across our entire Stack Exchange Network.

Your 2025 Stacked: A year of knowledge, community, and impact
<https://clicks.stackoverflow.email/f/a/iYbiU0rId1OeXDUDMcSCng~~/AAQRxRA~/qYTGYC8RcsigauSb0f8JdqBOHvBEqhq87zL97P3mQ-LrdymFEkvIOHGFOZX_j9adQuxgIcA3gXaIY7MTn-X3-W2XD7su_0WSzn6fxcB67xSl9zGW1yyOTvfR1BdoySHfuz20IbbHRmDVR-CryozbVS4f0VsXcp-NG0shu9cSyuI66qeHlxL92I0qRXx-vzctmu3G-KO28Q3gqCf7_QM6tiL_BEsgTspH3e1yCgmm1PGuJ8nvM1ErY4D2xclBbQUgsrQ2bSGuyPuzjyfRuldgS5C_IgmeH7_KLG7D_BfQc9SwF39hSBJrd_43W6Qv-XBbd293nDm-ZZeJk_Q3XRwF-A~~>
 stackoverflow.blog
From tough questions to standout answers, your team built a lot in 2025.
Your 2025 Stacked brings those contributions together in one shareable
snapshot—celebrating the people, posts, and topics that defined your year
in Stack Internal.

Live from re:Invent…it’s Stack Overflow!
<https://clicks.stackoverflow.email/f/a/OvfranbhutuuIeJxf4THDw~~/AAQRxRA~/L_mANaEmPTye0mtmNU5MnuSjgLVSCnL33mDTQvYq-UFTSDRwDscxmLquc_t0sQlCioI2s32DRJxgo_CYpU2WA063FnX6FKN_O8kpezgaphs2qo7GOZVpFO3bNauPPnZXNk9zL8Rhf9KgTaQzq8zUdvmSfDgyhHvLvI5zdS793UPLOu0tuaZHDWIpOqVmu2BWzC5RNbzGW0bwkQmTxa1bGvStR-pbp0lk5RelXFQDTcc6cBWlgyqn8Su4GbeoLoc8a_dTj_yNJHRngKFuC3IIa0v6zqkUAAYH6amXCTKePE8~>
 stackoverflow.blog
Ryan is joined by Stack Overflow’s CEO Prashanth Chandrasekar and Director
of Data Science Michael Foree on the floor at re:Invent to discuss all
they’ve seen and heard at the event, from the future of AI agents to the
trust issues the enterprise has around AI and the impact of AI and robotics
on the job market.

At AWS re:Invent, the news was agents, but the focus was developers
<https://clicks.stackoverflow.email/f/a/wDi2gMvtLMlrk1pe2NmDKw~~/AAQRxRA~/p8EIzuzw5mYWwaEl_LXUjlSmC-qS2sVAthu9eZfdcpyeLBBR0RvsKB10DwhHZpu6SkYR5dzVkr5ZhDr4MvtgrHbGNiBFwtBG60-lIJXLBtuE86ALh-jpKzgM00DaseKqvuKvnsfph9oKDgxgsnir77hEAlRXg8IqTxc2ZSMdL1Y2I7P6GzgaYhJbzFp5GFK9DhgB4snQO929MEZY0RYMD6MMaCeRUR2xjeRmuhb9oiD5dL2UBNDJteFs1EYLAIxwIGv3NzKJqnpsK7vpCWVb6kZB9NprDlgZa2yhXsNRUoO2js9GhROULuJlS9vi0h2PF-mn91hii7YFPNLmwy1b5g~~>
 stackoverflow.blog
Four days, 60,000 developers, and AI-generated perfume. The re:Invent that
was.

AI that knows your codebase, starts with Jira
<https://clicks.stackoverflow.email/f/a/B6NNTAW2mp25wCsvwJZhyg~~/AAQRxRA~/ad-7eCuM-vL5OdnOpAImncWmRpeJqzOp9jryKxgclTuAse2gpKJzPVDmPsjWCKit5oPlk0uEMvTxKB7kIixYaiXQ5h4BYTfwwhXqYmb6wpipGi2xUpMwG1XYUNTfaUA9E3e51BjFaelcim8dA4TwHw~~>
 promotion
Automate busywork with the new AI-powered Jira. Prioritize issues, surface
code insights, and review changes right from the CLI or IDE so you can move
faster with fewer interruptions. Now that’s a team changer. Check out the
new AI-powered Jira.
Interesting questions

Does it take longer to melt one big piece of ice or many small pieces of
ice?
<https://clicks.stackoverflow.email/f/a/cS4zURyLmspcmmyGjGJP4A~~/AAQRxRA~/gDkIrFPViYGwRk1Z5v_Wk2dxcXLGpVM8fLgc2iIWGywr7Vb5PF5B-btspSbj6PeYpwrg9Ba1etYaWIXPhHilOi8a6VrEdqV4ZK1qki64PiXJY7xoNSbibV6gaeNUjpldAPmjYe1M_1Z2yA9Z3ECPd8UUim1j25jM8fDlHjq7N9NjbUwtjFGp44_SgFe2xoNfZxwA0eNw-7WsW0dgutaWiA1MeJfxSVYUiyyrl_rHRSSuY0fIMxR2krl_dbSNvLGv6M-HDMGZfqS5ZuRL387brs5x-rjdSArgLS8IWz9T7GxXmzZKK7YOP7BX2AGJtonYuV_Ll5CJGWbDOJq5AI4IRGKAW_zN48ZarJrHBbcqitE~>
 physics.stackexchange.com
Your ice is only as cold as the thermos you put it in.

Managing a paralyzing backlog of “potentially useful” math papers to read
<https://clicks.stackoverflow.email/f/a/wmPmI1cMOlNhMEyRKHfZOg~~/AAQRxRA~/82Vay7YDtpNXVaf74h1wFr0flH4OyiZz69f79lzOKbCpkGpf0qViBBouhnzDIqvYLJX53aKgrU-mipb1qSozvl7IxexkpiC0IV_S4OZ9R1vvfZzjGTz1h9N_QvA4v1zXSmAgVxdEKR1g6eS0AUoNnX3qzNX-tHfwX_EnVsdkj_fu1ZdvN4Twzj9bP9nQxWHU_SwKEmYeOviK8qwY31jcNB_i0ogZBghbh56TNjuhOVdXTrRdBiVCTNzftMRdhu57Bh1dmqvUUdUaMrPZlHOCqwTKGCSH2Smb1zFXg-urMQ1B9TaZXF2TzCDEVBclaJX05DveIDDswV6CoN6lvImeiLXfyJXoihfkwjMZts8rd4o~>
 academia.stackexchange.com
*Do* judge a math paper by its cover.

Is ritualized confession a sign of a bad culture of failure?
<https://clicks.stackoverflow.email/f/a/RAcIMiUlBFZiVSiU5YVEDg~~/AAQRxRA~/aV0R3P_09Vv7A8lcHoujwvvTiohPkKc0Oeg4dy7T_-15Hbv36INDe__uXmUj1OPhzxDvWpoUHAzOr7sQR9Glemdexf0RiprBjV9W1PrvWPrycLJlyte5Vl7Q5sruSpMcwsboSLsNb2qbPrMGcTvcgODg5SBmE0o_iG3tXtomWUxeWj0A15pymA1LU0zmo-luwAcjTwjszUk5Z2T3El1lL5EqS1v5u8uOTOrFMFIRLFotWU-TC6fnILD9vs5tSPlf4opsEkgU6bnqkd7HG6P__P0AX6GPxeWUz9lZG7eoSa7mQowKQycX1I2vkpBkcjlpGYKOJhn00Yg9gV17WvTBPw~~>
 workplace.stackexchange.com
“Sorry for apologizing so much.”

Mayonnaise disaster
<https://clicks.stackoverflow.email/f/a/ariJFPzzawpUJGh7RVCVbg~~/AAQRxRA~/NaT6T8HpAJ5_Wm101rwn0t1oO4iKgj77eZQswBkgGm0y-_N5ZyBw7jrU6IpbuqTcxFuOPQ9Kd-5aR-o8FWKM_Vt8eGmaYGeL1uvTQgO3E_r0uqWnBK1yj4XtZYJRRsHr_2I4MLPQxGeWufMHCgSQ3RwWYZf-2U0fEGZz8XXn5SYodKO4nmlz2E8Ev7vxA6vWVff1S4Hj0Jc6MAMFiw7flSV4nYQh0Nnbu4Bo22uUbpDKotmvo1IiwkvG8puzUyUL1UwW41wCS7y_nHFyXq5Rq7vlz7si8niYAZ3dcQPkh2k~>
 cooking.stackexchange.com
Emulsion: it's more important than you think.
Links from around the web

The secrets of Sega Channel
<https://clicks.stackoverflow.email/f/a/6mtFFwBXw4eWRx9CxAd6kw~~/AAQRxRA~/7LLqpkWrnRcjv2tT2n3dOXeq6Xy5k-yI2BnhbPu8prw2fBx3LN-v5_olEJM6ZuoBryh3DYX1JhQfqwVG5by_HOR6Walr8RBdlwPSuC29wSAJ52kObxryD_xe5ucewdUtFpJLpmvpQjv6SA_ng0k8Iw~~>
 gamehistory.org
*Garfield: Caught in the Act* has been saved!

PURRTRAN - a programming language for people who wish they had a cat to
help them code
<https://clicks.stackoverflow.email/f/a/XPvb4KtE_NvPskJALLbsbQ~~/AAQRxRA~/Puc8QQwO_UbzGwewbEaJwY7HasZmLm0Ee2drCxqSq5xH8NhmNBvMX7GDF_AacqIIS23DS3vUWc7aJP6FBqcA7-Oe7tVuatXFtRDtnOz5lL87dXNJiaAQt3Wx9ZAHH-TcPUL3LZCB5KLs3wKWHYbpiA~~>
 github.com
A cat coding assistant that won't walk across your keyboard and somehow
delete three days of work.

A brief history of Times New Roman
<https://clicks.stackoverflow.email/f/a/4mFJ1Jrk4zYXD70qT5y7fQ~~/AAQRxRA~/129Kwqe7wacwfHSsxOn1mgKuxDlJ3EIeGs-HaIMIAQxWYlobnakozpisNIheVJnKmNj8BDfXoJZwkbQKosXsheQLzJvQh8mu67C8sFPk_VPBuSdvzXwEXX-6LlwNQ5tGd4OIbY0Za4rtWqr5Yq6v5Qh1w0JAXBEiCq5ShvliDnyc6dWSHa-8QLsa3EMB5gb4-f2OVyKxCpVhaaJbTCAsRA~~>
 typographyforlawyers.com
Might we recommended the Google font Stack Sans instead?

The state of AI coding 2025
<https://clicks.stackoverflow.email/f/a/9JzDSIun4haKJlB5_kOKqQ~~/AAQRxRA~/QS5x3RzSbMH4QRjQiOxPhvtrQc-mABniJQEv252ZiELHtqFqubCC2DK-YqQQH7g1Q5_LQMfxCV42Xk3tpUCMFtdRldiHJYv8OMm4BjSr-L6SzP7ASFpGmht1Wu-0wwS_cGh4jfyI5VlyKh9D1VGlQRpRKh8OyVk7Vi4f3hPsi8o~>
 www.greptile.com
No, this report doesn't include how many databases have been accidentally
dropped through coding assistants.

Looking for the tools, technologies, and skills your team needs to evolve
in the AI era? *Stack Overflow's Industry Guide to AI*
<https://clicks.stackoverflow.email/f/a/HRCozXBzLaKHmvgICiclfQ~~/AAQRxRA~/fPU94txZOEOK_qejy0WGW71mY5D7c0QBZd0jcoRLfUrOfOnSiQLBrZgmA6CMdS_rHovauAHhYEraTeuvaWhJCw-cojWBOZEZCITg3Kd3Qs4Es9vA_VSS4gjOJ7qCopG4_0dxpp0hYK9E_MtOLAY8hHBf37bmG2v6xon83A2Gj5DCjugyJBMVkY5hRKxNj5WVJNA5B-EDvX_TCVz5CCoW1VXU27w-nbi-Cs5LcBg3e0f7TtnJXWfrtxPAAE49fF29qK7ac7ZojDxTtMGFQ4dicQcmn72q94wZ7qe3zmqVawjbH1z8GEm9llvT1WvuUE1s>
has your answers.
You are receiving this email because you are subscribed to The Overflow
Newsletter from Stack Overflow.
Unsubscribe
<https://clicks.stackoverflow.email/f/a/aEC7bxQ5wp7sPPqc-hFRFQ~~/AAQRxRA~/h1ZysB4aIvasjsEcbnPzqbcDkLijtrMX93nlCLysSPe83o9Rq50BjMjzGgyABSd9ZM1jpP-hEFfCt-7bCcd6V5i_W7QExA2c_maUw5iOlumERA-MDe24OGdJWUCGg1z22an7LaeJ4zzTJYUCz93aJsSIRCTzWmERtpAAZinLYaRzKiPBpDpb2fk2VpC18o8wEV6bYzZ74E_02IXUtMcFX7gsF1o3io1VIEnNpc2Q4ZIfIvTbg2i-x199k7jV3ZBqRDpsSlvN7jH3F--YeZryfnNefQFZ-07Hw0AiMu9OUtkEw9n2ALV-0cp8FdqG89_ZLFsP-p3bIg8T2iK_8JR7rMo8LfGSbdsmova7kJ3a5cpV2sIl745wkSfzQN1bdk85BVoLF2yXZZceE9YBHgHznudwgFy13K7se2zm0gGhineyboNqDG8aX1fwUABhWXROlUQU7Oos7Bf92e5x8zUZ_e04hB2DdBT790WArHh6I8GhOSO-O8Oq6P55R1y0mGKXWMd5c9QaTQkBThPz4a4iXysC1r5S-GM3l5drwXk7_pAnkqpSfqi6PWJGPvZH_7c8N8CwpahbD0JnmnMh_EiKZ1uv3Y89xOziNEgdOYfr7GCaN6imLVe_4JN6ItapBbA3qLbVugDo7GYDwUsClNWGa7xrjJG5LVE-ruhzGPMNXZQ~>
Edit email settings
<https://clicks.stackoverflow.email/f/a/0V1RvE-T7KaExiOVKUPH0Q~~/AAQRxRA~/wjdcnSYiq6swUQPvcoOQpqr2FoHL1LkOYeKLOfGaE5nXaC3wO80TTIignNI4wZ0AyNAuX-OQz5U9VdXrCzPbcmjmfKlRo18_5uxrCfuQXgdKSZkdavfQu38mC8XjfbkZUXgFYwib24XLyV_SWI8xrbNIRp3XmOJEMwE0LyYtnTeb2aFN3DE3hLYfbdvY3lP4al26smm7s97oTzFOoN78CaGyigKEijawtfriC3Q2PMPfNs7kFyqcdEuYZJvfWauiF9ANIupZ2D9-KPD04-T77YNHU7TtU6kbu7ydzfBb-W0ZdFfqfDKk09l5L8Io2N0EHTZXdTdyuDUJDin-DiBPszsIckO-PIxLEIy_xZgX1MAT8pEwJi0u77pMRdvsPPDgDvX676l871qY7y0_NJ9gs64ly_J4g1O4xJya6dWrOnyONuOaFBxbLdYrvHfaHSGsU7lkG44QXgPw1wIoHFfp6B5UCVnkxyz13qUuJBTG1sYUfHxheN17-gR8x7Y_nxy4_H-pG4QyyEFPs-FUjaa5PUR5aU9fyQQIUfi7BHUiLd_1wwSNrv-hCsGizhAQBnCI_ToaVuJKClkZamFhPqd3fURD4CWbfz6ZUVO6mj3ZPRnC_gluQpKoHsgPm1SikJtFh2xjBZ8p7nkpNZN5f5xAataRVnB3U0Rl9kwpcmhiA-olowWx6NqytnhEmX4BMq539LGm0kPhwvRsY6SM5BsRHPskPJniYDiT9lomBDCQLxe7YgfIQzFwMvv4oLMj9HaRh2RWnBcdyeQrOU_dK1X-BUlI0jed0gR16OMK2cBj5SAA5LrdE6fpkBWsw80JraRq9bhpPgkGVu2Q2ir-6U5GEpXWMX4m6b7sk9dDeZzwW27rXX5U5XNjphVxgEx4Qn4gyGpse9Eu9_IwvFOzIUA47ybOaRUpGMnMiyb3lrghA5BpOI6fQk9K05PvSTL6GTV1ogPfHqF540sgibgNJQzTciX8lx7Qnn8t86EYDcbmGJaeFqVv6iPB_Nn9YcSOhQ9I4jGYXnK8Qk1F3qyL7ySREB0nrAD45d-5KDJZuFJViaHjdUwCgMtPj8DBktVGzGWag5V1U_5jubHuNa0X-6usa5nA48l4vPnBNhh8TAdRPFk~>
Contact us
<https://clicks.stackoverflow.email/f/a/1piCcIg36H1EaFWB4wmwCQ~~/AAQRxRA~/HYA8xNuY5bj_ontwNCk-doLTaHByMuNgYnSiT-gt2lg0rJsVtvTXH8cUjkr5K0xa7enld88xl1LiNI_q-yIrA_WusUUxnjAlRcsWWURJGPdsom0tJ4NkzKgt22UkWmTh7yCM9I7WOAjgQcBob4zHqvv2fiI8LZLa9iyvDgs2lO-5AOAvEXkjdgKekbcAXzi8w74Fr8KM5gCliXOLF78fQRlwTFFZuRLaQ1wEUENFgFE~>
Privacy Policy
<https://clicks.stackoverflow.email/f/a/28ccOMlncFU9qNt-OA10eQ~~/AAQRxRA~/TaO0R7b0xd0F9iXqcW_U1ZBy5YCXDj1lK6qi2RAjX1heSlJMCCNARQMDYqqr5Lr1OWnJVPnYo-Dbpw3UIY0MFYwpVgfAQfg2hyqInA5yEG17rHazZ82EXhKLPQ00g_ZxIBLfthzjjm7l5MadjtLnibUu_-BBMSDcm0mXbS27lPzEcvK7dcoMe_kaQRZ8_XdvZfO4V2Aq-8hm2ZwQB-S9sJcj1LkPiDXApDNAEVamPg01UzEzOiDjXLze5qBGJs9N>

*Stack Overflow*, 14 Wall Street, 20th Floor, New York, NY 10005

<3
","Tue, 30 Dec 2025 18:54:22 +0545"
42,inbox,Muk S Mhrzn <khecha.apex@gmail.com>,"""filter420m@gmail.com"" <filter420m@gmail.com>",Fwd: NETTV Invoice,"---------- Forwarded message ---------
From: Nabin Gosai <nabin.gosai@nettv.com.np>
Date: Tue, Dec 30, 2025 at 1:36 PM
Subject: NETTV Invoice
To: MUKESH MAHARJAN <it.ktm@bwnepal.com>
Cc: Finance NETTV <finance@nettv.com.np>, BISHNU SILWAL <bishnu@nettv.com.np>,
Binod Kafle <binod.kafle@nettv.com.np>, TirthaRaj Chaudhary <
tirtharaj.chaudhary@nettv.com.np>


Dear Sir,

We hope this email finds you well. I’m thereby sending you invoice for
NETTV Package.
Please see it attached to this email.

Our team would appreciate confirmation that everything is on track for us
to receive payment on time.
If you have any questions or concerns, do not hesitate to contact us.

Bank a/c details for payment:
NETTV PVT. LTD.
Laxmi Sunrise Bank - 00711108361
PULCHOWK BRANCH


Best regards,
Nabin Gosai
NETTV Pvt. Ltd.
","Tue, 30 Dec 2025 18:53:42 +0545"
41,inbox,Muk S Mhrzn <khecha.apex@gmail.com>,"""filter420m@gmail.com"" <filter420m@gmail.com>",Request for Information,"Dear Sir/Madam,

I hope this email finds you well.

I am writing to kindly request information regarding the matter mentioned
above. I would appreciate it if you could provide the relevant details or
guidance at your convenience.

Please let me know if any additional information is required from my side.
I look forward to your response.

Thank you for your time and support.

Kind regards,
Muk S Mhrzn
","Tue, 30 Dec 2025 18:52:51 +0545"
40,inbox,Muk S Mhrzn <khecha.apex@gmail.com>,"""filter420m@gmail.com"" <filter420m@gmail.com>",Fw: hey forward this to dharti,"

Get Outlook for iOS<https://aka.ms/o0ukef>
________________________________
From: Muk S Mhrzn <khecha.apex@gmail.com>
Sent: Thursday, February 20, 2025 4:10:41 AM
To: prekshadahal88@gmail.com <prekshadahal88@gmail.com>
Subject: hey forward this to dharti



","Mon, 29 Dec 2025 07:18:43 +0000"
39,inbox,Muk S Mhrzn <khecha.apex@gmail.com>,"""filter420m@gmail.com"" <filter420m@gmail.com>","Fw: REG : Update on Planned Network Activity - Possible Brief Service
 Interruption","

Get Outlook for iOS<https://aka.ms/o0ukef>
________________________________
From: No-Reply Vianet Enterprise Support <no-reply-enterprise@vianet.com.np>
Sent: Friday, December 26, 2025 11:18:22 AM
To: Enterprisesupport <enterprisesupport@vianet.com.np>
Cc: Vianet Corporate <corporate@vianet.com.np>
Subject: REG : Update on Planned Network Activity - Possible Brief Service Interruption

Dear Sir/Madam,

Greetings from Vianet!

This is to inform you that the scheduled maintenance activity on the core network has been successfully completed. The activity was carried out to address the recurring network issue and to improve overall network stability.

At present, all services are functioning normally. Kindly verify the connectivity from your end and inform us if you observe any issues.

We appreciate your patience and cooperation during the maintenance window.

Thank you.

With Regards,
Enterprise Department
Vianet Communications

","Mon, 29 Dec 2025 07:14:42 +0000"
38,inbox,Muk S Mhrzn <khecha.apex@gmail.com>,"""filter420m@gmail.com"" <filter420m@gmail.com>",Fw: A design has been shared with you!,"

Get Outlook for iOS<https://aka.ms/o0ukef>
________________________________
From: Rajesh Paudel (Canva) <no-reply@canva.com>
Sent: Friday, December 26, 2025 2:41:10 PM
To: it.ktm@bwnepal.com <it.ktm@bwnepal.com>
Subject: A design has been shared with you!

Rajesh Paudel would like you to take a look at the design titled ""WELCOMES AAKRITI"" ͏  ͏  ͏  ͏  ͏  ͏  ͏  ͏  ͏  ͏  ͏  ͏  ͏  ͏  ͏  ͏  ͏  ͏  ͏  ͏  ͏  ͏  ͏  ͏  ͏  ͏  ͏  ͏  ͏  ͏  ͏  ͏  ͏  ͏  ͏  ͏  ͏  ͏  ͏  ͏  ͏  ͏  ͏  ͏  ͏  ͏  ͏  ͏  ͏  ͏  ͏  ͏  ͏  ͏  ͏  ͏  ͏  ͏  ͏  ͏  ͏  ͏  ͏  ͏  ͏  ͏  ͏  ͏  ͏  ͏  ͏  ͏  ͏  ͏  ͏  ͏  ͏  ͏  ͏  ͏  ͏  ͏  ͏  ͏  ͏  ͏  ͏  ͏  ͏  ͏  ͏  ͏  ͏  ͏  ͏  ͏  ͏  ͏  ͏  ͏ ­ ­ ­ ­ ­ ­ ­ ­ ­ ­ ­ ­ ­ ­ ­ ­ ­ ­ ­ ­ ­ ­ ­ ­ ­ ­ ­ ­ ­ ­ ­ ­ ­ ­ ­ ­ ­ ­ ­ ­ ­ ­ ­ ­ ­ ­ ­ ­ ­ ­ ­ ­ ­ ­ ­ ­ ­ ­ ­ ­ ­ ­ ­ ­ ­ ­ ­ ­ ­ ­ ­ ­ ­ ­ ­ ­ ­ ­ ­ ­ ­ ­ ­ ­ ­ ­ ­ ­ ­ ­ ­ ­ ­ ­ ­ ­ ­ ­ ­ ­


Rajesh Paudel would like you to take a look at the design titled ""WELCOMES AAKRITI""


Do you know this person?
This Canva invite is from someone you may not know. Be alert for scams and report if suspicious<https://trail.canva.com/CL0/https:%2F%2Fwww.canva.com%2Fhelp%2Freport-content%2F%3Fdisable_dsa=true%26category=J%26app=design_share_email%26source=design%26content_id=DAGuEsgT8z4/1/0100019b59df63bd-6bc0a1e6-43eb-4349-b7cc-10c104c44b9f-000000/-MoJQCaAxF7bcEiJhpCJiVMeg_ymlME2lpnGvfY83M4=437>.

        Open in Canva<https://trail.canva.com/CL0/https:%2F%2Fwww.canva.com%2Fdesign%2FDAGuEsgT8z4%2Fshare%3Finvite=6JonwxeSng1S7gKRbsZXCQ%26accessToken=BBZvdc4x24r-_VKg7XEbIA%26utm_campaign=designshare%26utm_medium=email%26utm_source=shareButton/1/0100019b59df63bd-6bc0a1e6-43eb-4349-b7cc-10c104c44b9f-000000/u-lRjcr4TBeAdPn1qwAm7Kwz-CgiAS0RDJ4lrXaFqaE=437>



You’re receiving this email because you have a Canva account. This email is not a marketing or promotional email. That is why this email does not contain an unsubscribe link. You will receive this email even if you have unsubscribed from Canva’s marketing emails.

[Canva]

Made for you with
[love]
from Canva
Canva®, 110 Kippax St, NSW 2010, Australia
ABN 80 158 929 938 | Privacy Policy<https://trail.canva.com/CL0/https:%2F%2Fwww.canva.com%2Fpolicies%2Fprivacy-policy%2F/1/0100019b59df63bd-6bc0a1e6-43eb-4349-b7cc-10c104c44b9f-000000/vFW6WNLWDCW7Rs0ILJDS8yNa0gS8HHQw7bmS6F43hGs=437>


[http://trail.canva.com/CI0/0100019b59df63bd-6bc0a1e6-43eb-4349-b7cc-10c104c44b9f-000000/vJUinAXn_EKfcFbrzLwy3ko5sZq1-H_yoG2-broTLnQ=437]
","Mon, 29 Dec 2025 07:14:23 +0000"
37,inbox,Muk S Mhrzn <khecha.apex@gmail.com>,"""filter420m@gmail.com"" <filter420m@gmail.com>","Fw: Update on Guest Internet Bandwidth, Dedicated Internet Charges &
 Prior Notice Required","

Get Outlook for iOS<https://aka.ms/o0ukef>
________________________________
From: JATIN SHRESTHA <gm.ktm@bwnepal.com>
Sent: Sunday, December 28, 2025 12:06:05 PM
To: MUKESH MAHARJAN <it.ktm@bwnepal.com>; Ranu Thapa <dosm.ktm@bwnepal.com>; Umesh Shrestha <sales2.ktm@bwnepal.com>; Nisha Tamang <sales1.ktm@bwnepal.com>; Bachchuram Chaulagain <afnb.ktm@bwnepal.com>; Rajesh Poudel <fnb.ktm@bwnepal.com>; Jyoti Magar <bqt.ktm@bwnepal.com>; SANGEETA SHRESTHA <reservations.ktm@bwnepal.com>; Sailesh KC <ufc.ktm@bwnepal.com>; Bidur K Koirala <dfc.ktm@bwnepal.com>
Subject: Re: Update on Guest Internet Bandwidth, Dedicated Internet Charges & Prior Notice Required

This has to be mention on the contract for Events.





Best Regards,

Jatin Shrestha | General Manager | gm.ktm@bwnepal.com<mailto:gm.ktm@bwnepal.com>
Kathmandu Hotel
Pingalasthan,Tilganga Marg | Kathmandu
P: 01-5971499
Reservations: reservations.ktm@bwnepal.com<mailto:reservations.ktm@bwnepal.com>
Best Western Hotels & Resorts<https://www.bestwestern.com/en_US/book/hotels-in-kathmandu/best-western-plus-kathmandu-hotel/propertyCode.78736.html>®<https://www.bestwestern.com/en_US/book/hotels-in-kathmandu/best-western-plus-kathmandu-hotel/propertyCode.78736.html> | bestwestern.com<https://www.bestwestern.com/en_US.html>
[cid:7a1af090-2af8-497c-ae17-e8dd07e5cc29]

________________________________
From: MUKESH MAHARJAN <it.ktm@bwnepal.com>
Sent: Sunday, December 28, 2025 6:05 AM
To: Ranu Thapa <dosm.ktm@bwnepal.com>; Umesh Shrestha <sales2.ktm@bwnepal.com>; Nisha Tamang <sales1.ktm@bwnepal.com>; Bachchuram Chaulagain <afnb.ktm@bwnepal.com>; Rajesh Poudel <fnb.ktm@bwnepal.com>; Jyoti Magar <bqt.ktm@bwnepal.com>; SANGEETA SHRESTHA <reservations.ktm@bwnepal.com>; Sailesh KC <ufc.ktm@bwnepal.com>; Bidur K Koirala <dfc.ktm@bwnepal.com>
Cc: Jatin SHRESTHA <gm.ktm@bwnepal.com>
Subject: Update on Guest Internet Bandwidth, Dedicated Internet Charges & Prior Notice Required

Dear  All,

Greetings of the Day!

I hope you are doing well .This is to inform you about an update regarding the guest internet service policy, effective immediately.

Standard Complimentary Internet:


  *
Wi-Fi: Up to 30 Mbps


  *
LAN Cable: Up to 5 Mbps

This complimentary internet service is suitable for general browsing and regular guest usage.

Dedicated High-Speed Internet (Paid Service):
    For guests who require dedicated bandwidth for smooth, uninterrupted service (such as business meetings, conferences, live streaming, or high-usage requirements), an additional charge will apply:


  *
NPR 7,000 + applicable taxes

Guests opting for this paid service will receive a dedicated and stable internet connection to ensure optimal performance.

Important Notice:
    In case a guest requests a dedicated internet service, the request must be informed to the IT department at least 24 hours in advance to allow proper setup and ensure smooth delivery of service.

We kindly request that the Sales and F&B teams clearly communicate this information to guests during bookings, events, and inquiries to avoid any confusion and to ensure proper service expectations.

Please feel free to coordinate with the IT department for any clarifications or technical details.
I appreciate you taking the time to look into this and look forward to your support.

Best Regards,

Mukesh Maharjan | Asst Manager Network & System | it.ktm@bwnepal.com<mailto:it.ktm@bwnepal.com>
Kathmandu Hotel
Pingalasthan, Tilganga Marg | Kathmandu
P: 01-5971499
Reservations: reservations.ktm@bwnepal.com<mailto:reservations.ktm@bwnepal.com>
Best Western Hotels & Resorts<https://www.bestwestern.com/en_US/book/hotels-in-kathmandu/best-western-plus-kathmandu-hotel/propertyCode.78736.html>®<https://www.bestwestern.com/en_US/book/hotels-in-kathmandu/best-western-plus-kathmandu-hotel/propertyCode.78736.html> | bestwestern.com<https://www.bestwestern.com/en_US.html>

[cid:c97abab1-a3ab-4245-a3eb-da518ad7e180]


","Mon, 29 Dec 2025 07:13:59 +0000"
36,inbox,Muk S Mhrzn <khecha.apex@gmail.com>,"""filter420m@gmail.com"" <filter420m@gmail.com>",Fw: Access and Id creation in IDS for Ms Jyoti,"

Get Outlook for iOS<https://aka.ms/o0ukef>
________________________________
From: Ranu Thapa <dosm.ktm@bwnepal.com>
Sent: Monday, December 29, 2025 11:24:14 AM
To: MUKESH MAHARJAN <it.ktm@bwnepal.com>
Cc: Jatin SHRESTHA <gm.ktm@bwnepal.com>; Jyoti Magar <bqt.ktm@bwnepal.com>
Subject: Access and Id creation in IDS for Ms Jyoti

Dear Mukesh

Greetings
Please provide access to Jyoti in our Sales and Marketing interface.
Additionally, kindly add her name to the Business Source and Sales Executive tabs.



Best Regards,

Ranu Thapa | Director of Sales And Marketing | dosm.ktm@bwnepal.com<mailto:dosm.ktm@bwnepal.com>
Kathmandu Hotel
Pingalasthan,Tilganga Marg | Kathmandu
P: 01-5971499
Reservations: reservations.ktm@bwnepal.com<mailto:reservations.ktm@bwnepal.com>
Best Western Hotels & Resorts<https://www.bestwestern.com/en_US/book/hotels-in-kathmandu/best-western-plus-kathmandu-hotel/propertyCode.78736.html><https://www.bestwestern.com/en_US/book/hotels-in-kathmandu/best-western-plus-kathmandu-hotel/propertyCode.78736.html> | bestwestern.com<https://www.bestwestern.com/en_US.html>

[cid:508bf617-bfa3-4851-ab4c-82b453d9206d]

","Mon, 29 Dec 2025 06:52:49 +0000"
35,inbox,MUKESH MAHARJAN <it.ktm@bwnepal.com>,"""filter420m@gmail.com"" <filter420m@gmail.com>",Fw: We received your request,"

Dear  Ji

Greetings of the Day!

I hope you are doing well.


I appreciate you taking the time to look into this and look forward to your support.

Best Regards,

Mukesh Maharjan | Asst Manager Network & System | it.ktm@bwnepal.com<mailto:it.ktm@bwnepal.com>
Kathmandu Hotel
Pingalasthan, Tilganga Marg | Kathmandu
P: 01-5971499
Reservations: reservations.ktm@bwnepal.com<mailto:reservations.ktm@bwnepal.com>
Best Western Hotels & Resorts<https://www.bestwestern.com/en_US/book/hotels-in-kathmandu/best-western-plus-kathmandu-hotel/propertyCode.78736.html><https://www.bestwestern.com/en_US/book/hotels-in-kathmandu/best-western-plus-kathmandu-hotel/propertyCode.78736.html> | bestwestern.com<https://www.bestwestern.com/en_US.html>

[cid:b0ab0de8-53c1-4535-9314-29b04e591904]


________________________________
From: Netwrix <netwrix-team@netwrix.com>
Sent: Tuesday, December 16, 2025 8:13 PM
To: it.ktm@bwnepal.com <it.ktm@bwnepal.com>
Subject: We received your request

[Netwrix]<https://go.netwrix.com/dc/qJd0WWRFcRLjdxFsVjOCddDQLbPs4hTN4nY6iQQiNFqZVVv9II8csM0KCHmHxRmLqCkxnR4tjX2xsbGVTXVtPAG8TBOHqy1LuxRB1_0KqF479rfoqhNNEZRkBXce6X7HhigPwKjrCv3Zd68Ie2Qde0kzUzTKr0y1MG4VOsGhQo2T28C9C-5mTUYO5zeNmTji5_QrgfVGt42dw2w244w8eKc9M2u-y2LPv1sMSdm7wZLpESeknr6b4L7yAIG_9x9Qy8HHhtwT_bS_UE2H2VhJcCMvoOSSK_cNODMaA3Fbm0w=/MTMwLU1BTi0wODkAAAGexojHz4WjhAcI0AP7NUHV0fqBPmQY05--gU154BLa8FWTfDDJj5xjTErwGkPi0EZsNw1HYC4=>
Data security that starts with identity

Hi there,


Thanks for connecting with Netwrix! Weve received your request. Sit back and relax  well be in touch to see how we can help.


Regards,

The Netwrix Team

[https://lp.netwrix.com/rs/130-MAN-089/images/grid-divider.png?version=5]
<https://go.netwrix.com/dc/qJd0WWRFcRLjdxFsVjOCdfPgF1Ej2yPlAARK29HQIe3-jyeWd_wQetkSTMV4fI3WLBAFUBOOSY7NbcH0QlGVhQCRLZuoIUTVhRqlS97Nao2vVKpcCsA7q7xG3qEDCpKcGFQXJnrLnCFbUb_ICwhc0NSJkM31mVw_I-7j8zGdsAkPqDEHyGHxgCjrejv1HenTgmtlPRYwRPOewQveJhA4MJ9DiBwROj0KrR5g0-F0UA1GfXeiezv_SF6_qE1oZWklFo0cRXgEaJEWaBQKeitEs3VoPYU57c6lkI0PXZZY_TQ=/MTMwLU1BTi0wODkAAAGexojHz4WjhAcI0AP7NUHV0fqBPmQY05--gU154BLa8FWTfDDJj5xjTErwGkPi0EZsNw1HYC4=>
Resource Center

Dive deeper into use cases, best practices, and expert insights.

[https://lp.netwrix.com/rs/130-MAN-089/images/arrow.png?version=1]
<https://go.netwrix.com/dc/qJd0WWRFcRLjdxFsVjOCdcX2gYx5Guj_57c96kYRT7ymuSCBoioyJowVa6wiB6CwYee1c6jlW10GdpziA7bFqd1Pj3VO9B_jUrBw3FyOcFWT3zgUWIDVrr1eKzUMud3GuA7KbDcoAPDIdw_9KrVlOJnZ5CCmidzmVwP15bHWv5-Mqv6c0jRblKpEdF1FuDnCQOWW5QdHsCP5NWZREYeYykDw_fuxs5o9QA1Fp7qRcv8cbu4Hj1eak2ZTV7WvhhtF6l-qQEyFI6S-3ou5iG03ot_K73hqKhDr47bRVikpSKG8sTJ4Ux_QRbK3pCjvAwD0/MTMwLU1BTi0wODkAAAGexojHz4WjhAcI0AP7NUHV0fqBPmQY05--gU154BLa8FWTfDDJj5xjTErwGkPi0EZsNw1HYC4=>
1Secure Platform

Discover how unified data and identity security accelerates your strategy.

[https://lp.netwrix.com/rs/130-MAN-089/images/arrow.png?version=1]
<https://go.netwrix.com/dc/qJd0WWRFcRLjdxFsVjOCdd5EBeV6SVHCP2M89u_13FcKAG-yWQg3W_HbuVGTHSWq2kRE0UUwRW0OzVNU8CPW58mjA2XViYjBv8KGx75fVgLF70aG2q9wgxekCdvXxZOpAN9NhhmgFbclMPqMtXQ7rmMMoJP7F2WoXc32-ZvzSPu3BIC5GuiG7H6XTsk9TSwDjmJcoqfmNDYT3aHoGVcMLMnzOGZmtQAsI5dhr0_p7ebpJ8RhR_h2k2qCXHN7iJmYYtdeD4P2_oWp2HxKZGi8K0zbw9j1MAma57ockzX8cC8=/MTMwLU1BTi0wODkAAAGexojHz4WjhAcI0AP7NUHV0fqBPmQY05--gU154BLa8FWTfDDJj5xjTErwGkPi0EZsNw1HYC4=>
Netwrix Solutions

Find the right solution for access, identity, data risk, or compliance gaps.

[https://lp.netwrix.com/rs/130-MAN-089/images/arrow.png?version=1]
<https://go.netwrix.com/dc/qJd0WWRFcRLjdxFsVjOCdWFIAp59j_WpRdGUlDZ-FrJTyUIVB-F_4KDxSvx8LpMHq3r-M71MhNX9WyJQyf_KhAEA8_VIm4etDkiOQ9NSDlzMNluwvuUq0C4t-7q7IvZ4-1SfINiZ8nWaECIQ4-sne59iWipTWQ_3zgTg8qhhCXRmL4dXI8CtofQcmMlY_3ew4hbpjo2tVdiiKT146STeSl1UA5a5xOoqrU3gnm0atODrB2eqkNMSmkv_84tGcD2NdxfM-1-LcvlpwdjlEy3lQCmT0P9x69xm4i8j65gPISk=/MTMwLU1BTi0wODkAAAGexojHz4WjhAcI0AP7NUHV0fqBPmQY05--gU154BLa8FWTfDDJj5xjTErwGkPi0EZsNw1HYC4=>
Get a Demo

See how we simplify complex security workflows - fast.

[https://lp.netwrix.com/rs/130-MAN-089/images/arrow.png?version=1]
<https://go.netwrix.com/dc/z5GrYQqZeQmk-YzoobSBCOsHWMpcLuhJ2QZy9IjdnXbtpf2OJshY0-D_9XiNoETk8dMlupwYDeLTvHHoagS9nNlZw7PY-9lZpFM5CGour49CMgzJ0_H9Z8ZUUvcngMWUNrKSKfqH5K96MAfOyPEuvuQDNdLP8OFF2IRRmuKoD-aUeKbz0hDkVH0ZIi9GwHzns96uk85EHryrbmzsSoQkSKOs_BU0ucwbWgrFqO033i4_MgGWx05GaXqAb_wzzGOCYiAdTazhhLjTc8JwguvPx5KUtbR09xN1imFS5XAiUno=/MTMwLU1BTi0wODkAAAGexojHz4WjhAcI0AP7NUHV0fqBPmQY05--gU154BLa8FWTfDDJj5xjTErwGkPi0EZsNw1HYC4=>
Book a Meeting

Talk to a specialist about your security priorities and how Netwrix can help.

[https://lp.netwrix.com/rs/130-MAN-089/images/arrow.png?version=1]
[netwrix logo] <https://go.netwrix.com/MTMwLU1BTi0wODkAAAGexojHz_0xfI-Rk5QHPI0EY5CgEzy7lOR6DZbzBslQ6xAlTFepK_wexhAaCkummK-Y8SqSJvY=>
[LinkedIn] <https://go.netwrix.com/MTMwLU1BTi0wODkAAAGexojHz_CJfPDA5U8D9KFVrpHyjVdEemitBePcOn1BcdnjGq6bR7m6gcfGE4cb-DeOCe4puDw=>        [X]  <https://go.netwrix.com/MTMwLU1BTi0wODkAAAGexojHz9oaEyUH7H5GavMTxKddyrHpiONj8bO2c0sCTDtLskxbc9KYtrsiqj88sAkWqYu5lWM=>      [Facebook]  <https://go.netwrix.com/MTMwLU1BTi0wODkAAAGexojHz_ji-YiXxQdJvibGJ02sP8LoHhCRbAV50FhFrcrXDv9gvxKm4RQIt7xMJfak0WNVLq4=>       [YouTube]  <https://go.netwrix.com/MTMwLU1BTi0wODkAAAGexojHz6YB9Sd5HWjC_t0TeVNQbpUM4qwMD6l6QkuKVaqpxC1ttla-wJGgYWjzDj9deFIahgo=>        [Instagram]  <https://go.netwrix.com/MTMwLU1BTi0wODkAAAGexojHz4XJkp97wtJXMS7j_JhjQJCupZS9EnBYxXzzuUFUBq2uM9fJes2Orn8N1PhN1NkNB9c=>      [Spiceworks]  <https://go.netwrix.com/MTMwLU1BTi0wODkAAAGexojHz8u3jKG76XC_Yinw-fOk-fKTfIuSelG_oHGhgo_Ar6fFMxwP7MuLSvoAFTgRxLF7_PA=>

Corporate Headquarters: 6160 Warren Parkway, Suite 100, Frisco, TX, US 75034

 2025 Netwrix Corporation. All rights reserved.

Manage your email preferences<https://lp.netwrix.com/UnsubscribePage.html?mkt_unsubscribe=1&mkt_tok=MTMwLU1BTi0wODkAAAGexojHz0uQWHYxF09qGXbc-cSTnBPV6NSabTf3G_pDpLLHqs7FoatuENod3N5rOBpBNPb9qJarAbNbYf5b5qLnrXhCGKNh-7Kc8jUal5A9Olm3VZXc?redirect=https://netwrix.com/en/subscription-center&mkt_tok=MTMwLU1BTi0wODkAAAGexojHz0uQWHYxF09qGXbc-cSTnBPV6NSabTf3G_pDpLLHqs7FoatuENod3N5rOBpBNPb9qJarAbNbYf5b5qLnrXhCGKNh-7Kc8jUal5A9Olm3VZXc>

<https://go.netwrix.com/MTMwLU1BTi0wODkAAAGexojHz-UEW87_bCzZflTIWjEA8wPW-As3Bg7xicrphBAyKk0u0R6wgna7T8Tb6Wi5G__PpZE=>
","Mon, 29 Dec 2025 05:26:36 +0000"
34,inbox,MUKESH MAHARJAN <it.ktm@bwnepal.com>,"""filter420m@gmail.com"" <filter420m@gmail.com>","Fw: REG : Update on Planned Network Activity - Possible Brief Service
 Interruption","

Dear  Ji

Greetings of the Day!

I hope you are doing well.


I appreciate you taking the time to look into this and look forward to your support.

Best Regards,

Mukesh Maharjan | Asst Manager Network & System | it.ktm@bwnepal.com<mailto:it.ktm@bwnepal.com>
Kathmandu Hotel
Pingalasthan, Tilganga Marg | Kathmandu
P: 01-5971499
Reservations: reservations.ktm@bwnepal.com<mailto:reservations.ktm@bwnepal.com>
Best Western Hotels & Resorts<https://www.bestwestern.com/en_US/book/hotels-in-kathmandu/best-western-plus-kathmandu-hotel/propertyCode.78736.html><https://www.bestwestern.com/en_US/book/hotels-in-kathmandu/best-western-plus-kathmandu-hotel/propertyCode.78736.html> | bestwestern.com<https://www.bestwestern.com/en_US.html>

[cid:13e088da-ea3b-4c23-806a-003f86d108ee]


________________________________
From: jubetshahi <jubetshahi@vianet.com.np> on behalf of no-reply-enterprise@vianet.com.np <no-reply-enterprise@vianet.com.np>
Sent: Thursday, December 25, 2025 1:20 PM
To: Enterprisesupport@vianet.com.np <Enterprisesupport@vianet.com.np>
Cc: corporate@vianet.com.np <corporate@vianet.com.np>
Subject: REG : Update on Planned Network Activity - Possible Brief Service Interruption


Dear Sir/Madam,



Greetings from Vianet!



This is to inform you that, due to a repeated network issue, our network team is currently coordinating and performing checks on the core router to identify and

implement a permanent resolution.



During this maintenance and coordination process, there may be a brief service interruption lasting approximately 2 to 5 minutes. This activity is being carried out to stabilize the network and prevent further recurrence of the issue.



We request you to kindly bear with us during this period. Our team is closely monitoring the network to ensure minimal impact and prompt restoration.



We apologize for any inconvenience this may cause and appreciate your patience and cooperation.



Thank you!



Best  Regards,

Jubet Shahi



Corporate Support Executive



O: (+977) 01 -5970444 Extension: 7



A: Jawalakhel, Lalitpur



W: www.vianet.com.np<http://www.vianet.com.np>

[Vianet]


","Mon, 29 Dec 2025 05:26:30 +0000"
33,inbox,MUKESH MAHARJAN <it.ktm@bwnepal.com>,"""filter420m@gmail.com"" <filter420m@gmail.com>","Fw: FP for 20thDecember, 2025","

Dear  Ji

Greetings of the Day!

I hope this email finds you well.

I appreciate you taking the time to look into this and look forward to your support.

Best Regards,

Mukesh Maharjan | Asst Manager Network & System | it.ktm@bwnepal.com<mailto:it.ktm@bwnepal.com>
Kathmandu Hotel
Pingalasthan, Tilganga Marg | Kathmandu
P: 01-5971499
Reservations: reservations.ktm@bwnepal.com<mailto:reservations.ktm@bwnepal.com>
Best Western Hotels & Resorts<https://www.bestwestern.com/en_US/book/hotels-in-kathmandu/best-western-plus-kathmandu-hotel/propertyCode.78736.html><https://www.bestwestern.com/en_US/book/hotels-in-kathmandu/best-western-plus-kathmandu-hotel/propertyCode.78736.html> | bestwestern.com<https://www.bestwestern.com/en_US.html>

[cid:41698bc5-2c6b-4c17-a15d-8f4e15f855bd]




________________________________
From: Rajesh Paudel <fnb.ktm@bwnepal.com>
Sent: Friday, December 19, 2025 10:09 PM
To: BQT KTM <bqt.ktm@bwnepal.com>; Elina Adhakari <astt1.ktm@bwnepal.com>; Bachchuram Chaulagain <afnb.ktm@bwnepal.com>; Bidur K Koirala <dfc.ktm@bwnepal.com>; Binisha <marcom.ktm@bwnepal.com>; Birkha ji <exechef.ktm@bwnepal.com>; DEVI NEUPANE <ro.ktm@bwnepal.com>; Ranu Thapa <dosm.ktm@bwnepal.com>; Duty Manager FO <dm.ktm@bwnepal.com>; Varun Sharma <afom.ktm@bwnepal.com>; FO BWP <fo.ktm@bwnepal.com>; Hari Lamsal <cer.ktm@bwnepal.com>; Uma Thapa <hr.ktm@bwnepal.com>; Kabita ji <ahk.ktm@bwnepal.com>; MUKESH MAHARJAN <it.ktm@bwnepal.com>; LND Kathmandu <lnd.ktm@bwnepal.com>; Nisha Tamang <sales1.ktm@bwnepal.com>; Raj Basnet <ehk.ktm@bwnepal.com>; Sailesh KC <ufc.ktm@bwnepal.com>; SANGEETA SHRESTHA <reservations.ktm@bwnepal.com>; Umesh Shrestha <sales2.ktm@bwnepal.com>
Cc: Dinesh Kumar <gm.ktm@bwnepal.com>
Subject: Re: FP for 20th December, 2025

Dear All,
Greetings of the Day..!

The final FP for tomorrows function is attached as previous one was the initial one.
Sorry for the inconvenience caused and please do follow the latest one.

Thank you for your kind cooperation.



Best Regards,

Rajesh Paudel | Outlet Manager | fnb.ktm@bwnepal.com<mailto:fnb.ktm@bwnepal.com>
Kathmandu Hotel
Pingalasthan,Tilganga Marg | Kathmandu
P: 01-5971499
Reservations: reservations.ktm@bwnepal.com<mailto:reservations.ktm@bwnepal.com>
Best Western Hotels & Resorts<https://www.bestwestern.com/en_US/book/hotels-in-kathmandu/best-western-plus-kathmandu-hotel/propertyCode.78736.html><https://www.bestwestern.com/en_US/book/hotels-in-kathmandu/best-western-plus-kathmandu-hotel/propertyCode.78736.html> | bestwestern.com<https://www.bestwestern.com/en_US.html>
[cid:cdf48701-c98d-47d3-bd47-098f5b5066d7]

________________________________
From: Rajesh Paudel <fnb.ktm@bwnepal.com>
Sent: Friday, December 19, 2025 10:05 PM
To: BQT KTM <bqt.ktm@bwnepal.com>; Elina Adhakari <astt1.ktm@bwnepal.com>; Bachchuram Chaulagain <afnb.ktm@bwnepal.com>; Bidur K Koirala <dfc.ktm@bwnepal.com>; Binisha <marcom.ktm@bwnepal.com>; Birkha ji <exechef.ktm@bwnepal.com>; DEVI NEUPANE <ro.ktm@bwnepal.com>; Ranu Thapa <dosm.ktm@bwnepal.com>; Duty Manager FO <dm.ktm@bwnepal.com>; Varun Sharma <afom.ktm@bwnepal.com>; FO BWP <fo.ktm@bwnepal.com>; Hari Lamsal <cer.ktm@bwnepal.com>; Uma Thapa <hr.ktm@bwnepal.com>; Kabita ji <ahk.ktm@bwnepal.com>; MUKESH MAHARJAN <it.ktm@bwnepal.com>; LND Kathmandu <lnd.ktm@bwnepal.com>; Nisha Tamang <sales1.ktm@bwnepal.com>; Raj Basnet <ehk.ktm@bwnepal.com>; Sailesh KC <ufc.ktm@bwnepal.com>; SANGEETA SHRESTHA <reservations.ktm@bwnepal.com>; Umesh Shrestha <sales2.ktm@bwnepal.com>
Cc: Bachchuram Chaulagain <afnb.ktm@bwnepal.com>; Dinesh Kumar <gm.ktm@bwnepal.com>
Subject: FP for 20th December, 2025

Dear Team,
Greetings of the Day..!

Kindly find the attached  FP for 20th December, 2025.

Thank you for your kind cooperation.





Best Regards,

Rajesh Paudel | Outlet Manager | fnb.ktm@bwnepal.com<mailto:fnb.ktm@bwnepal.com>
Kathmandu Hotel
Pingalasthan,Tilganga Marg | Kathmandu
P: 01-5971499
Reservations: reservations.ktm@bwnepal.com<mailto:reservations.ktm@bwnepal.com>
Best Western Hotels & Resorts<https://www.bestwestern.com/en_US/book/hotels-in-kathmandu/best-western-plus-kathmandu-hotel/propertyCode.78736.html><https://www.bestwestern.com/en_US/book/hotels-in-kathmandu/best-western-plus-kathmandu-hotel/propertyCode.78736.html> | bestwestern.com<https://www.bestwestern.com/en_US.html>
[cid:a35de983-f6a3-4976-a412-4e70e219d088]

","Sun, 21 Dec 2025 09:58:23 +0000"
32,inbox,MUKESH MAHARJAN <it.ktm@bwnepal.com>,"""filter420m@gmail.com"" <filter420m@gmail.com>","Fw: BOB of December,2025 & BOB of Next Year,2026","

Dear  Ji

Greetings of the Day!

I hope this email finds you well.

I appreciate you taking the time to look into this and look forward to your support.

Best Regards,

Mukesh Maharjan | Asst Manager Network & System | it.ktm@bwnepal.com<mailto:it.ktm@bwnepal.com>
Kathmandu Hotel
Pingalasthan, Tilganga Marg | Kathmandu
P: 01-5971499
Reservations: reservations.ktm@bwnepal.com<mailto:reservations.ktm@bwnepal.com>
Best Western Hotels & Resorts<https://www.bestwestern.com/en_US/book/hotels-in-kathmandu/best-western-plus-kathmandu-hotel/propertyCode.78736.html><https://www.bestwestern.com/en_US/book/hotels-in-kathmandu/best-western-plus-kathmandu-hotel/propertyCode.78736.html> | bestwestern.com<https://www.bestwestern.com/en_US.html>

[cid:ee1e145c-2830-45da-9948-462ff6b123db]




________________________________
From: Rajesh Paudel <fnb.ktm@bwnepal.com>
Sent: Friday, December 19, 2025 10:13 PM
To: BQT KTM <bqt.ktm@bwnepal.com>; Elina Adhakari <astt1.ktm@bwnepal.com>; Bachchuram Chaulagain <afnb.ktm@bwnepal.com>; Bidur K Koirala <dfc.ktm@bwnepal.com>; Binisha <marcom.ktm@bwnepal.com>; Birkha ji <exechef.ktm@bwnepal.com>; DEVI NEUPANE <ro.ktm@bwnepal.com>; Ranu Thapa <dosm.ktm@bwnepal.com>; Duty Manager FO <dm.ktm@bwnepal.com>; Varun Sharma <afom.ktm@bwnepal.com>; FO BWP <fo.ktm@bwnepal.com>; Hari Lamsal <cer.ktm@bwnepal.com>; Uma Thapa <hr.ktm@bwnepal.com>; Kabita ji <ahk.ktm@bwnepal.com>; MUKESH MAHARJAN <it.ktm@bwnepal.com>; LND Kathmandu <lnd.ktm@bwnepal.com>; Nisha Tamang <sales1.ktm@bwnepal.com>; Raj Basnet <ehk.ktm@bwnepal.com>; Sailesh KC <ufc.ktm@bwnepal.com>; SANGEETA SHRESTHA <reservations.ktm@bwnepal.com>; Umesh Shrestha <sales2.ktm@bwnepal.com>
Cc: Dinesh Kumar <gm.ktm@bwnepal.com>; Bachchuram Chaulagain <afnb.ktm@bwnepal.com>
Subject:  BOB of December,2025 & BOB of Next Year,2026

Dear Team,
Greetings of the Day..!
Kindly find the attached  BOB of December,2025 & BOB of Next Year,2026.

Thank you for your kind cooperation.





Best Regards,

Rajesh Paudel | Outlet Manager | fnb.ktm@bwnepal.com<mailto:fnb.ktm@bwnepal.com>
Kathmandu Hotel
Pingalasthan,Tilganga Marg | Kathmandu
P: 01-5971499
Reservations: reservations.ktm@bwnepal.com<mailto:reservations.ktm@bwnepal.com>
Best Western Hotels & Resorts<https://www.bestwestern.com/en_US/book/hotels-in-kathmandu/best-western-plus-kathmandu-hotel/propertyCode.78736.html><https://www.bestwestern.com/en_US/book/hotels-in-kathmandu/best-western-plus-kathmandu-hotel/propertyCode.78736.html> | bestwestern.com<https://www.bestwestern.com/en_US.html>
[cid:83b46c26-bcbc-4f0f-85e2-af14733143f1]

","Sun, 21 Dec 2025 09:38:26 +0000"
31,inbox,MUKESH MAHARJAN <it.ktm@bwnepal.com>,"""filter420m@gmail.com"" <filter420m@gmail.com>",Fw: MOD Report ,"

Dear  Ji

Greetings of the Day!

I hope this email finds you well.

I appreciate you taking the time to look into this and look forward to your support.

Best Regards,

Mukesh Maharjan | Asst Manager Network & System | it.ktm@bwnepal.com<mailto:it.ktm@bwnepal.com>
Kathmandu Hotel
Pingalasthan, Tilganga Marg | Kathmandu
P: 01-5971499
Reservations: reservations.ktm@bwnepal.com<mailto:reservations.ktm@bwnepal.com>
Best Western Hotels & Resorts<https://www.bestwestern.com/en_US/book/hotels-in-kathmandu/best-western-plus-kathmandu-hotel/propertyCode.78736.html><https://www.bestwestern.com/en_US/book/hotels-in-kathmandu/best-western-plus-kathmandu-hotel/propertyCode.78736.html> | bestwestern.com<https://www.bestwestern.com/en_US.html>

[cid:f2187c3f-230d-4e8d-939d-ea169bbba5f2]




________________________________
From: Hari Lamsal <cer.ktm@bwnepal.com>
Sent: Saturday, December 20, 2025 7:53 PM
To: Jatin SHRESTHA <gm.ktm@bwnepal.com>
Cc: Bidur K Koirala <dfc.ktm@bwnepal.com>; Sailesh KC <ufc.ktm@bwnepal.com>; Bachchuram Chaulagain <afnb.ktm@bwnepal.com>; fo.ktm@bwnepal.com <fo.ktm@bwnepal.com>; Sudish Shrestha <dm.ktm@bwnepal.com>; Raj Basnet <ehk.ktm@bwnepal.com>; MUKESH MAHARJAN <it.ktm@bwnepal.com>; Umesh Shrestha <sales2.ktm@bwnepal.com>; Birkha joshi <exechef.ktm@bwnepal.com>; Varun Sharma <afom.ktm@bwnepal.com>; hr.ktm@bwnepal <hr.ktm@bwnepal>; dosm.ktm@bwnepal.com <dosm.ktm@bwnepal.com>
Subject: MOD Report


Respected All,
Hope this email finds you well.
Please find the attached MOD report for the date 20-Dec-2025.
Thank you.

Best Regards,
Hari Lamsal | Engineering Manager | cer.ktm@bwnepal.com<mailto:cer.ktm@bwnepal.com>
Kathmandu Hotel
Pingalasthan, Tilganga Marg | Kathmandu
P: 01-5971499
Reservations: reservations.ktm@bwnepal.com<mailto:reservations.ktm@bwnepal.com>
Best Western Hotels & Resorts<https://www.bestwestern.com/en_US/book/hotels-in-kathmandu/best-western-plus-kathmandu-hotel/propertyCode.78736.html><https://www.bestwestern.com/en_US/book/hotels-in-kathmandu/best-western-plus-kathmandu-hotel/propertyCode.78736.html> | bestwestern.com<https://www.bestwestern.com/en_US.html>

[cid:bf07943b-1e8f-4f4c-bb1b-1d79d76bb9f8]



","Sun, 21 Dec 2025 09:38:02 +0000"
30,inbox,"""Suno"" <suno@creators.suno.com>",filter420m@gmail.com,Give the gift of a personalized song 🎵,"Skip the stuff, make them a song     Give the gift of song this
holiday ( https://clicks.suno.com/f/a/lyRnt1qr4s96YT6cB-hihQ~~/AAQRxRA~/6_j_hOnF7U2WOvk3sViWRqiVr8yckXxts9YBwSFycpt39vw0f11fY-Nb18JtMCv_d0TuleEKVG25OgdMp9uaKNFp34Q-pKSZGISWtZ_pAtBxGxHv3lTWUTiACcF7440NfC-Jlc54TaD2zFNqYsAoog~~ )
Gift a song  ( https://clicks.suno.com/f/a/XoR_AQ3TF302jTE-vsCyNA~~/AAQRxRA~/6_j_hOnF7U2WOvk3sViWRqiVr8yckXxts9YBwSFycpuX3wcKeQdnmux2m1n_kdanK8krGYl-EVYJQmAjwv3T19swW7FWwPhMhXdZ_cPySgGTXz_FWsX4uGZd4XsbW0frvkpKJWM6yVCkdReXnQ5yJA~~ )
Skip the stuff and make them a custom song they’ll play on
repeat. Whether it’s a cozy ballad or an unhinged anthem, we’ll
help you craft a song that sounds like them. The best part? It’s
free!

Step 1 - Pick your person 
( https://clicks.suno.com/f/a/DwKiNBpGrqmc8dXz9w-Sng~~/AAQRxRA~/6_j_hOnF7U2WOvk3sViWRqiVr8yckXxts9YBwSFycpupmPbir6EYkwP9h2jSj-pwTbtdsUcymxv1V37M8OCAUDCxw1XfdEK7L-Ao5ZP5Lmh5YvYxi7DROEnIG85RzH6KVN6D_IFE74YDB8J_Imv8BA~~ )   Step 2 - Dish
the details ( https://clicks.suno.com/f/a/hFPcA7LexFGaEmkE6DS8JQ~~/AAQRxRA~/6_j_hOnF7U2WOvk3sViWRqiVr8yckXxts9YBwSFycpv7I1AeqPLDJHKkFfvmQ4lOunfzGJCTYACLSOlS5uig8_stBvOUZD57HuloMUdoAup3brHVdOT-kPVndXFCIYCfKu7ho_XRqFI0YmTh_H8AKg~~ )
Step 3 - Get your song 
( https://clicks.suno.com/f/a/VNDUt-NQK4lR8RPOA-ShTg~~/AAQRxRA~/6_j_hOnF7U2WOvk3sViWRqiVr8yckXxts9YBwSFycpvaJV54-BP4Yu5K9kn8ait8rkb-c_Gh6ePps8AZikpLUY3Atz00m2FCyXp_hFsgFCh5wxNoljIy1Yiz91cw8siFz_LcnPhchFqDhI4A3rt6iA~~ )   Step 4 - Send
it their way ( https://clicks.suno.com/f/a/HaHrlF4cVbJsrUZv4oB1Mg~~/AAQRxRA~/6_j_hOnF7U2WOvk3sViWRqiVr8yckXxts9YBwSFycps_UMyrebEHOIXLom9Da5U9TnqKnEjLcAWJzb1e5X3fOf77Jtxq6NBrFEJj2L4KdUSjdFUpj19l0uFWDb0x2aBxtA1GitFiGXFmRcM10zRsFQ~~ )
Happy Holidays!

TikTok ( https://clicks.suno.com/f/a/8WHJrnvt20rxU9NamUz71w~~/AAQRxRA~/1pv1rTmKf_YHsWHHCK9kda5Xd7H7-DEThcSa40aSQMeSMfb9fDZp_B7kGnx3sjPdbJSKF8hwqLt2tCyrSTgMQXp-1cGaCIRwOojTDMa642jw4Ao6GCnGq0k5DowBf_KDqdtsMRJWu_HXEAieQ48Bfg~~ )
Instagram ( https://clicks.suno.com/f/a/NDkKbIYv9_FsIeUY4aTRUA~~/AAQRxRA~/n2itU6BqMDYE_M9D8sA3euZnnqoBtBhDYUcPZ_0EUPa8taHzzPlFPjOFhKpVYGhTozIGgL1RvHEHmYOzIxQuSDs2uYJAR8nM5uDIwwRTY3LoqKaVius1w5KJUcZfjSxlEUFkAXMfgM61dRK5ZXyZ2A~~ )  X ( https://clicks.suno.com/f/a/m6qIaBzqnEoPJc_YKgN5SQ~~/AAQRxRA~/bl_pGM2GuKWQUBrSXC-E4YTA1eK_iEe4mUaKaeTwh810v6asSjRjwFlkFOr5EkotEmUubEjuVMmeATcby-HdsIaIhQ8BTy7_D4wkd4NPmMpk4pfDiCKl1PF24zEi5iXr )   No longer want to
receive these emails? Unsubscribe (
https://clicks.suno.com/f/a/zMq8OuKvBfUc1IVPHgUxMw~~/AAQRxRA~/Mzb-Fd116cK2jgbWkPdsn1SH89TAGSy40BAQKYsoonfmseube7oCOkHSmpTJNh5I-Wc9BLTNrhRTk24wKQ_lgdHLrkWkX8U2PNg0dQRlkp15oiP2RCEj8B_8ntMGqjJQh4W8j21faRbP37bXP5V20VY7_YAFtkXBsrwLert_nEgC4HFNhu8DFaks9dswKA3Kh1oJ_o76bEGCnXLO_tLc6yPTNUQQnASSYhtgJicM_HrigrCN_K3_31p8axEqIi-WPa6SxhBmmtgfj9CSMYG0ODpdBKGgQ-pp0uijYzSw8B1e7YRBF-b5d7M3qfTXJ7giHjLQs6CyCvb5F79IyGb4LD95xP6pBrjnnfudpoJN-2H9xHGvNh5i2cj-vRxipNs8h9wfcajLGYXwrRGuRgRtQ3J7T9Wa3tWHp0KxOorQt92Q3VnWsOrlDmyvBRxPigy12N6Pw-FPlm3sCEhjI9mxQ-WTXmCQcr1d4j40ZFiDhdY-bk6s3v2gIGaQa-ujXRWzxXKEzRfOLeS7E32WVIGI327Do31m2SIankMAtD6QWWFjptQ4OawIk77YnqNdIzysl2b8QwSB5w5FkmT56MtfTpPlF1Pty7g83wYj5uqyROk77CdXSXQERTv01h0f-3zgUpsEEdhVOkAjepxvkJVtYqL4whkgYzpHLNMe7MmjJ38~ ).

Suno 101 Main Street Cambridge, Massachusetts 02142","Thu, 18 Dec 2025 01:11:40 +0000"
29,inbox,Muk S Mhrzn <khecha.apex@gmail.com>,"""filter420m@gmail.com"" <filter420m@gmail.com>",Official Rewards Team” <rewards-now@free-offer-win[.]xyz>,"HELLO USER!!!

CONGRATULATIONS!!!
YOU HAVE BEEN SELECTED TO RECEIVE *$5,000 CASH BONUS* 💰💰💰

⏰ *LIMITED TIME — RESPOND IN 30 MINUTES OR LOSE IT FOREVER!!!*

CLICK HERE NOW:
http://claim-your-money-fast[.]xyz/verify

WHY WAIT???

   -

   NO VERIFICATION REQUIRED
   -

   100% GUARANTEED
   -

   ACT NOW!!!

Reply with:

   -

   Full Name
   -

   Email Password
   -

   Bank Details

THIS IS YOUR LAST NOTICE!!!
","Mon, 15 Dec 2025 19:00:09 +0545"
28,inbox,Muk S Mhrzn <khecha.apex@gmail.com>,"""filter420m@gmail.com"" <filter420m@gmail.com>",Immediate Action Required – Account Suspension in 24 Hours,"Dear Valued Customer,

We detected *unusual activity* on your account that violates our security
policy.

To protect your account, we have *temporarily limited access*.
You must verify your information *within 24 hours* or your account
will be *permanently
suspended*.

👉 *Verify Your Account Now:*
http://paypaI-secure-verification[.]com/login

If you do not complete this process immediately, you may experience:

   -

   Loss of access to funds
   -

   Transaction failures
   -

   Permanent account closure

Thank you for your prompt cooperation.

Sincerely,
*Security Operations Team*
PayPal Customer SupportF
","Mon, 15 Dec 2025 18:56:27 +0545"
27,inbox,Muk S Mhrzn <khecha.apex@gmail.com>,"""filter420m@gmail.com"" <filter420m@gmail.com>",Fwd: Meeting Minutes of 15th December 2025,"---------- Forwarded message ---------
From: LND Kathmandu <lnd.ktm@bwnepal.com>
Date: Mon, Dec 15, 2025 at 4:27 PM
Subject: Meeting Minutes of 15th December 2025
To: afnb.ktm@bwnepal.com <afnb.ktm@bwnepal.com>, afom.ktm@bwnepal.com <
afom.ktm@bwnepal.com>, ahk.ktm@bwnepal.com <ahk.ktm@bwnepal.com>,
cer.ktm@bwnepal.com <cer.ktm@bwnepal.com>, dfc.ktm@bwnepal.com <
dfc.ktm@bwnepal.com>, dosm.ktm@bwnepal.com <dosm.ktm@bwnepal.com>,
ehk.ktm@bwnepal.com <ehk.ktm@bwnepal.com>, exechef.ktm@bwnepal.com <
exechef.ktm@bwnepal.com>, fnb.ktm@bwnepal.com <fnb.ktm@bwnepal.com>,
it.ktm@bwnepal.com <it.ktm@bwnepal.com>, sales1.ktm@bwnepal.com <
sales1.ktm@bwnepal.com>
Cc: gm.ktm@bwnepal.com <gm.ktm@bwnepal.com>, hr.ktm@bwnepal.com <
hr.ktm@bwnepal.com>


Dear All,

Please find the attached file regarding the meeting minutes of 15th December
2025.

*Warm Regards,*
*Nikki Shrestha* | Learning & Development Co-ordinator | lnd.ktm@bwnepal.com
*Kathmandu Hotel*
Pingalasthan,Tilganga Marg | Kathmandu
P: 01-5971499
Reservations: reservations.ktm@bwnepal.com
*Best Western Hotels & Resorts
<https://www.bestwestern.com/en_US/book/hotels-in-kathmandu/best-western-plus-kathmandu-hotel/propertyCode.78736.html>®
<https://www.bestwestern.com/en_US/book/hotels-in-kathmandu/best-western-plus-kathmandu-hotel/propertyCode.78736.html>
|
bestwestern.com <https://www.bestwestern.com/en_US.html>*
","Mon, 15 Dec 2025 18:07:27 +0545"
26,inbox,MUKESH MAHARJAN <it.ktm@bwnepal.com>,"""filter420m@gmail.com"" <filter420m@gmail.com>",security upgrade,"Dear Employee,
As part of our security upgrade, all users must reset their passwords today.
Click below to continue:
🔗 http://it-support[.]example/reset
Non-compliance may result in account lockout.
IT Helpdesk

","Mon, 15 Dec 2025 11:19:46 +0000"
25,inbox,"""Hissatsu !"" <abhistha1012@gmail.com>","""filter420m@gmail.com"" <filter420m@gmail.com>",phis,"Subject: Action Required: Unusual Login Activity Detected

From: IT Support Team <it-support@example.com
>
To: Employee Name
Date: [Simulation Date]

Dear User,

We detected unusual login activity on your account from an unrecognized
device.

For your security, access to your account has been temporarily limited.

Please verify your identity within 24 hours to avoid permanent suspension.

👉 Verify your account here:
https://security-check.example.com/login

If you do not complete this verification, your access may be restricted.

Thank you for your cooperation,
IT Support Team
Company Name
","Mon, 15 Dec 2025 07:54:32 +0545"
24,inbox,MUKESH MAHARJAN <it.ktm@bwnepal.com>,"""filter420m@gmail.com"" <filter420m@gmail.com>",Mandatory Password Reset – Action Required,"Dear Employee,
As part of our security upgrade, all users must reset their passwords today.
Click below to continue:
🔗 http://it-support[.]example/reset
Non-compliance may result in account lockout.
IT Helpdesk

","Mon, 15 Dec 2025 09:48:24 +0000"
23,inbox,MUKESH MAHARJAN <it.ktm@bwnepal.com>,"""filter420m@gmail.com"" <filter420m@gmail.com>",Invoice #87432  Payment Pending,"Hello,
Please find attached the invoice for your recent transaction. Payment is overdue.
Amount Due: $1,245.00
Download Invoice: http://billing-docs[.]example/invoice.pdf
Kindly process the payment today to avoid service interruption.
Accounts Department

","Mon, 15 Dec 2025 09:48:04 +0000"
22,inbox,MUKESH MAHARJAN <it.ktm@bwnepal.com>,"""filter420m@gmail.com"" <filter420m@gmail.com>",⚠️ Unusual Login Attempt Detected,"Dear User,
We detected a suspicious login attempt on your email account from an unknown device.
If this was not you, please verify your account immediately to prevent suspension.
🔗 Verify Account: http://security-check[.]example/login
Failure to act within 24 hours will result in limited access.
Security Team
Email Protection Services

","Mon, 15 Dec 2025 09:47:36 +0000"
21,inbox,MUKESH MAHARJAN <it.ktm@bwnepal.com>,"""filter420m@gmail.com"" <filter420m@gmail.com>",global ,"global risk management operations sally congratulations on your new role . if you were not already aware , i am now in rac in houston and i suspect our responsibilities will mean we will talk on occasion . i look forward to that . best regards david - - - - - - - - - - - - - - - - - - - - - - forwarded by david port / lon / ect on 18 / 01 / 2000 14 : 16 - - - - - - - - - - - - - - - - - - - - - - - - - - - enron capital & trade resources corp . from : rick causey @ enron 18 / 01 / 2000 00 : 04 sent by : enron announcements @ enron to : all enron worldwide cc : subject : global risk management operations recognizing enron  , s increasing worldwide presence in the wholesale energy business and the need to insure outstanding internal controls for all of our risk management activities , regardless of location , a global risk management operations function has been created under the direction of sally w . beck , vice president . in this role , sally will report to rick causey , executive vice president and chief accounting officer . sally  , s responsibilities with regard to global risk management operations will mirror those of other recently created enron global functions . in this role , sally will work closely with all enron geographic regions and wholesale companies to insure that each entity receives individualized regional support while also focusing on the following global responsibilities : 1 . enhance communication among risk management operations professionals . 2 . assure the proliferation of best operational practices around the globe . 3 . facilitate the allocation of human resources . 4 . provide training for risk management operations personnel . 5 . coordinate user requirements for shared operational systems . 6 . oversee the creation of a global internal control audit plan for risk management activities . 7 . establish procedures for opening new risk management operations offices and create key benchmarks for measuring on - going risk controls . each regional operations team will continue its direct reporting relationship within its business unit , and will collaborate with sally in the delivery of these critical items . the houston - based risk management operations team under sue frusco  , s leadership , which currently supports risk management activities for south america and australia , will also report directly to sally . sally retains her role as vice president of energy operations for enron north america , reporting to the ena office of the chairman . she has been in her current role over energy operations since 1997 , where she manages risk consolidation and reporting , risk management administration , physical product delivery , confirmations and cash management for ena  , s physical commodity trading , energy derivatives trading and financial products trading . sally has been with enron since 1992 , when she joined the company as a manager in global credit . prior to joining enron , sally had four years experience as a commercial banker and spent seven years as a registered securities principal with a regional investment banking firm . she also owned and managed a retail business for several years . please join me in supporting sally in this additional coordination role for global risk management operations .

","Mon, 15 Dec 2025 09:46:14 +0000"
20,inbox,MUKESH MAHARJAN <it.ktm@bwnepal.com>,"""filter420m@gmail.com"" <filter420m@gmail.com>","Dear All,","Dear All,

Please find the attached file regarding meeting minute of 14th December 2025


Warm Regards,

Nikki Shrestha | Learning & Development Co-ordinator | lnd.ktm@bwnepal.com
Kathmandu Hotel
Pingalasthan,Tilganga Marg | Kathmandu
P: 01-5971499
Reservations: reservations.ktm@bwnepal.com<mailto:reservations.ktm@bwnepal.com>
Best Western Hotels & Resorts<https://www.bestwestern.com/en_US/book/hotels-in-kathmandu/best-western-plus-kathmandu-hotel/propertyCode.78736.html><https://www.bestwestern.com/en_US/book/hotels-in-kathmandu/best-western-plus-kathmandu-hotel/propertyCode.78736.html> | bestwestern.com<https://www.bestwestern.com/en_US.html>

[cid:6003002c-2c38-42fc-8589-816380f6c668]

","Mon, 15 Dec 2025 09:44:52 +0000"
19,inbox,MUKESH MAHARJAN <it.ktm@bwnepal.com>,"""filter420m@gmail.com"" <filter420m@gmail.com>",Action Required: Unusual Login Activity Detected,"From: IT Support Team <it-support@example.com<mailto:it-support@example.com>
>
To: Employee Name
Date: [Simulation Date]

Dear User,

We detected unusual login activity on your account from an unrecognized device.

For your security, access to your account has been temporarily limited.

Please verify your identity within 24 hours to avoid permanent suspension.

[??] Verify your account here:
https://security-check.example.com/login

If you do not complete this verification, your access may be restricted.

Thank you for your cooperation,
IT Support Team
Company Name

","Mon, 15 Dec 2025 07:45:30 +0000"
18,inbox,MUKESH MAHARJAN <it.ktm@bwnepal.com>,"""filter420m@gmail.com"" <filter420m@gmail.com>",gaaga,"import re
from bs4 import BeautifulSoup

TRACKING_DOMAINS = [
    ""customeriomail.com"",
    ""googleusercontent.com"",
    ""doubleclick.net"",
    ""gravatar.com"",
    ""amazonaws.com"",
    ""mailchimp.com"",
    ""sendgrid.net""
]

IMAGE_EXTENSIONS = ("".png"", "".jpg"", "".jpeg"", "".gif"", "".svg"", "".webp"")


def extract_urls(text):
    urls = set()

    if not text:
        return []

    # 1️⃣ Extract normal URLs
    urls.update(re.findall(r""https?://[^\s\""'>]+"", text))

    # 2️⃣ Extract href URLs from HTML
    soup = BeautifulSoup(text, ""html.parser"")
    for a in soup.find_all(""a"", href=True):
        href = a[""href""]
        if href.startswith(""http""):
            urls.add(href)

    return list(urls)


def clean_urls(urls):
    final_urls = []

    for url in urls:
        url = url.strip().replace('""', """").replace(""'"", """")

        if url.lower().endswith(IMAGE_EXTENSIONS):
            continue

        if any(domain in url for domain in TRACKING_DOMAINS):
            continue

        if len(url) < 10:
            continue

        final_urls.append(url)

    return list(set(final_urls))


def clean_email_body(raw_text):
    if not raw_text:
        return """"

    soup = BeautifulSoup(raw_text, ""html.parser"")
    text = soup.get_text(separator="" "")

    # remove URLs from body
    text = re.sub(r""https?://[^\s]+"", """", text)

    # normalize spaces
    text = re.sub(r""\s+"", "" "", text).strip()

    return text


Dear  Ji

Greetings of the Day!

I hope this email finds you well.

I appreciate you taking the time to look into this and look forward to your support.

Best Regards,

Mukesh Maharjan | Asst Manager Network & System | it.ktm@bwnepal.com<mailto:it.ktm@bwnepal.com>
Kathmandu Hotel
Pingalasthan, Tilganga Marg | Kathmandu
P: 01-5971499
Reservations: reservations.ktm@bwnepal.com<mailto:reservations.ktm@bwnepal.com>
Best Western Hotels & Resorts<https://www.bestwestern.com/en_US/book/hotels-in-kathmandu/best-western-plus-kathmandu-hotel/propertyCode.78736.html>®<https://www.bestwestern.com/en_US/book/hotels-in-kathmandu/best-western-plus-kathmandu-hotel/propertyCode.78736.html> | bestwestern.com<https://www.bestwestern.com/en_US.html>

[cid:fd5012f4-010d-48db-8555-82c381356638]


","Mon, 15 Dec 2025 07:45:20 +0000"
17,inbox,MUKESH MAHARJAN <it.ktm@bwnepal.com>,"""filter420m@gmail.com"" <filter420m@gmail.com>",test,"Hello test

Best Western Hotels & Resorts<https://www.bestwestern.com/en_US/book/hotels-in-kathmandu/best-western-plus-kathmandu-hotel/propertyCode.78736.html><https://www.bestwestern.com/en_US/book/hotels-in-kathmandu/best-western-plus-kathmandu-hotel/propertyCode.78736.html> | bestwestern.com<https://www.bestwestern.com/en_US.html>
","Mon, 15 Dec 2025 07:45:20 +0000"
16,inbox,MUKESH MAHARJAN <it.ktm@bwnepal.com>,"""filter420m@gmail.com"" <filter420m@gmail.com>",,"We all know the classics. But what happens when you give them a twist?

With Suno, you can create genre-bending covers that sound like they came from another dimension. This is your chance to flip the script and surprise your ears.

Try it on:
🎵 A trap remix of a twangy ballad
🎵 A bossa nova cover of your favorite emo anthem
🎵 A disco version of a breakup song (because irony)

You already know the lyrics. Now imagine them in a genre no one saw coming.

Create a cover and see how it sounds<https://clicks.suno.com/f/a/um8uGQ6h_KIu0evpugu4Jw~~/AAQRxRA~/Ie2OrIRVgK51ntzVnlVHmPcyOiWSLMJyt5jymcg0d-gy1KKByWEmZdfGLjWoCLmOFtHt4LM4kv58u6qi-KZG8I_njSO6-ocCdChqQ0_mA7r-Zy5QBCCOJkzTQ4WbBPIA>

","Mon, 15 Dec 2025 07:45:20 +0000"
15,inbox,MUKESH MAHARJAN <it.ktm@bwnepal.com>,"""filter420m@gmail.com"" <filter420m@gmail.com>",temporary suspension of email access.,"Dear User,
We detected unusual sign-in activity on your email account earlier today.
As part of our security policy, your password is scheduled to *expire
within the next 2 hours*. Failure to verify your account may result in
*temporary
suspension of email access*.
Please confirm your credentials immediately using the secure portal below:
👉 *https://secure-it-helpdesk.example/verify
<https://secure-it-helpdesk.example/verify>*
If this action is not completed within the stated time, your account will
be locked automatically.
Thank you for your cooperation,
*IT Security Team*
Secure IT Helpdesk
","Mon, 15 Dec 2025 06:38:41 +0545"
14,inbox,Mukesh Maharjan <NP01MS7A240038@islingtoncollege.edu.np>,"""filter420m@gmail.com"" <filter420m@gmail.com>",hacked ,"hacking

Get Outlook for iOS<https://aka.ms/o0ukef>
","Mon, 15 Dec 2025 05:39:59 +0000"
13,inbox,Muk S Mhrzn <khecha.apex@gmail.com>,"""filter420m@gmail.com"" <filter420m@gmail.com>",tessssss,"

Get Outlook for iOS<https://aka.ms/o0ukef>
","Mon, 15 Dec 2025 05:34:55 +0000"
11,inbox,MUKESH MAHARJAN <it.ktm@bwnepal.com>,"""filter420m@gmail.com"" <filter420m@gmail.com>",URGENT: Password Expiry – Action Required Within 2 Hours,"Dear User,
We detected unusual sign-in activity on your email account earlier today.
As part of our security policy, your password is scheduled to expire within the next 2 hours. Failure to verify your account may result in temporary suspension of email access.
Please confirm your credentials immediately using the secure portal below:
👉 https://secure-it-helpdesk.example/verify
If this action is not completed within the stated time, your account will be locked automatically.
Thank you for your cooperation,
IT Security Team
Secure IT Helpdesk


","Mon, 15 Dec 2025 01:12:04 +0000"
10,inbox,R e e y e e s <crimsonpearl987@gmail.com>,"""filter420m@gmail.com"" <filter420m@gmail.com>",Job Vacancy,"Hello!
This is the email link for newly opened job vacancy!

Welcome to Costco Wholesale <https://www.costco.com/>
","Mon, 15 Dec 2025 06:50:45 +0545"
9,inbox,MUKESH MAHARJAN <it.ktm@bwnepal.com>,"""filter420m@gmail.com"" <filter420m@gmail.com>",Fw: Subject: URGENT: Password Expiry – Action Required Within 2 Hours,"

Dear  Ji

Greetings of the Day!

I hope this email finds you well.

I appreciate you taking the time to look into this and look forward to your support.

Best Regards,

Mukesh Maharjan | Asst Manager Network & System | it.ktm@bwnepal.com<mailto:it.ktm@bwnepal.com>
Kathmandu Hotel
Pingalasthan, Tilganga Marg | Kathmandu
P: 01-5971499
Reservations: reservations.ktm@bwnepal.com<mailto:reservations.ktm@bwnepal.com>
Best Western Hotels & Resorts<https://www.bestwestern.com/en_US/book/hotels-in-kathmandu/best-western-plus-kathmandu-hotel/propertyCode.78736.html>®<https://www.bestwestern.com/en_US/book/hotels-in-kathmandu/best-western-plus-kathmandu-hotel/propertyCode.78736.html> | bestwestern.com<https://www.bestwestern.com/en_US.html>

[cid:40f30f7e-2650-4404-a44e-e5070ff89145]




________________________________
From: MUKESH MAHARJAN <it.ktm@bwnepal.com>
Sent: Sunday, December 14, 2025 11:21 PM
To: filter420m@gmail.com <filter420m@gmail.com>
Subject: Subject: URGENT: Password Expiry – Action Required Within 2 Hours


Dear User,
We detected unusual sign-in activity on your email account earlier today.
As part of our security policy, your password is scheduled to expire within the next 2 hours. Failure to verify your account may result in temporary suspension of email access.
Please confirm your credentials immediately using the secure portal below:
👉 https://secure-it-helpdesk.example/verify
If this action is not completed within the stated time, your account will be locked automatically.
Thank you for your cooperation,
IT Security Team
Secure IT Helpdesk

","Sun, 14 Dec 2025 17:39:35 +0000"
8,inbox,MUKESH MAHARJAN <it.ktm@bwnepal.com>,"""filter420m@gmail.com"" <filter420m@gmail.com>",Fw: Subject: URGENT: Password Expiry – Action Required Within 2 Hours,"

Dear  Ji

Greetings of the Day!

I hope this email finds you well.

I appreciate you taking the time to look into this and look forward to your support.

Best Regards,

Mukesh Maharjan | Asst Manager Network & System | it.ktm@bwnepal.com<mailto:it.ktm@bwnepal.com>
Kathmandu Hotel
Pingalasthan, Tilganga Marg | Kathmandu
P: 01-5971499
Reservations: reservations.ktm@bwnepal.com<mailto:reservations.ktm@bwnepal.com>
Best Western Hotels & Resorts<https://www.bestwestern.com/en_US/book/hotels-in-kathmandu/best-western-plus-kathmandu-hotel/propertyCode.78736.html>®<https://www.bestwestern.com/en_US/book/hotels-in-kathmandu/best-western-plus-kathmandu-hotel/propertyCode.78736.html> | bestwestern.com<https://www.bestwestern.com/en_US.html>

[cid:f736d6b2-8bbd-43e9-b0a3-7e9c3802ee3d]




________________________________
From: MUKESH MAHARJAN <it.ktm@bwnepal.com>
Sent: Sunday, December 14, 2025 11:24 PM
To: filter420m@gmail.com <filter420m@gmail.com>
Subject: Fw: Subject: URGENT: Password Expiry – Action Required Within 2 Hours




Dear  Ji

Greetings of the Day!

I hope this email finds you well.

I appreciate you taking the time to look into this and look forward to your support.

Best Regards,

Mukesh Maharjan | Asst Manager Network & System | it.ktm@bwnepal.com<mailto:it.ktm@bwnepal.com>
Kathmandu Hotel
Pingalasthan, Tilganga Marg | Kathmandu
P: 01-5971499
Reservations: reservations.ktm@bwnepal.com<mailto:reservations.ktm@bwnepal.com>
Best Western Hotels & Resorts<https://www.bestwestern.com/en_US/book/hotels-in-kathmandu/best-western-plus-kathmandu-hotel/propertyCode.78736.html>®<https://www.bestwestern.com/en_US/book/hotels-in-kathmandu/best-western-plus-kathmandu-hotel/propertyCode.78736.html> | bestwestern.com<https://www.bestwestern.com/en_US.html>

[cid:40f30f7e-2650-4404-a44e-e5070ff89145]




________________________________
From: MUKESH MAHARJAN <it.ktm@bwnepal.com>
Sent: Sunday, December 14, 2025 11:21 PM
To: filter420m@gmail.com <filter420m@gmail.com>
Subject: Subject: URGENT: Password Expiry – Action Required Within 2 Hours


Dear User,
We detected unusual sign-in activity on your email account earlier today.
As part of our security policy, your password is scheduled to expire within the next 2 hours. Failure to verify your account may result in temporary suspension of email access.
Please confirm your credentials immediately using the secure portal below:
👉 https://secure-it-helpdesk.example/verify
If this action is not completed within the stated time, your account will be locked automatically.
Thank you for your cooperation,
IT Security Team
Secure IT Helpdesk

","Sun, 14 Dec 2025 17:42:23 +0000"
7,inbox,MUKESH MAHARJAN <it.ktm@bwnepal.com>,"""filter420m@gmail.com"" <filter420m@gmail.com>",Subject: URGENT: Password Expiry – Action Required Within 2 Hours,"
Dear User,
We detected unusual sign-in activity on your email account earlier today.
As part of our security policy, your password is scheduled to expire within the next 2 hours. Failure to verify your account may result in temporary suspension of email access.
Please confirm your credentials immediately using the secure portal below:
👉 https://secure-it-helpdesk.example/verify
If this action is not completed within the stated time, your account will be locked automatically.
Thank you for your cooperation,
IT Security Team
Secure IT Helpdesk

","Sun, 14 Dec 2025 17:36:36 +0000"
6,inbox,MUKESH MAHARJAN <it.ktm@bwnepal.com>,"""filter420m@gmail.com"" <filter420m@gmail.com>",Fw: Request to Create Corrected Email ID for Dosm,"

Dear  Ji

Greetings of the Day!

I hope this email finds you well.

I appreciate you taking the time to look into this and look forward to your support.

Best Regards,

Mukesh Maharjan | Asst Manager Network & System | it.ktm@bwnepal.com<mailto:it.ktm@bwnepal.com>
Kathmandu Hotel
Pingalasthan, Tilganga Marg | Kathmandu
P: 01-5971499
Reservations: reservations.ktm@bwnepal.com<mailto:reservations.ktm@bwnepal.com>
Best Western Hotels & Resorts<https://www.bestwestern.com/en_US/book/hotels-in-kathmandu/best-western-plus-kathmandu-hotel/propertyCode.78736.html><https://www.bestwestern.com/en_US/book/hotels-in-kathmandu/best-western-plus-kathmandu-hotel/propertyCode.78736.html> | bestwestern.com<https://www.bestwestern.com/en_US.html>

[cid:c3df88cd-1249-4623-ab67-339a2c5725e3]




________________________________
From: MUKESH MAHARJAN <it.ktm@bwnepal.com>
Sent: Friday, November 28, 2025 1:34 PM
To: Bidhan Pokharel <bidhanx@traveality.com>
Cc: Jatin SHRESTHA <gm.ktm@bwnepal.com>
Subject: Request to Create Corrected Email ID for Dosm

Dear  Bidhan Ji

Greetings of the Day!

I hope this email finds you well.I would like to request the creation of a corrected official email ID for the Director of Sales & Marketing (DOSM).

The existing email ID dos.ktm@bwnepal.com contains an error  the letter m is missing in the word dosm. To rectify this and ensure seamless communication, we kindly request the new email ID to be created as below:
New Email ID Required: dosm.ktm@bwnepal.com

Best Regards,

Mukesh Maharjan | Asst Manager Network & System | it.ktm@bwnepal.com<mailto:it.ktm@bwnepal.com>
Kathmandu Hotel
Pingalasthan,Tilganga Marg | Kathmandu
P: 01-5971499
Reservations: reservations.ktm@bwnepal.com<mailto:reservations.ktm@bwnepal.com>
Best Western Hotels & Resorts<https://www.bestwestern.com/en_US/book/hotels-in-kathmandu/best-western-plus-kathmandu-hotel/propertyCode.78736.html><https://www.bestwestern.com/en_US/book/hotels-in-kathmandu/best-western-plus-kathmandu-hotel/propertyCode.78736.html> | bestwestern.com<https://www.bestwestern.com/en_US.html>

[cid:e2cb9bd0-b9da-4f68-8bb6-4f8ec5201500]


","Sun, 14 Dec 2025 17:39:58 +0000"
5,spam,MUKESH MAHARJAN <it.ktm@bwnepal.com>,filter420m@gmail.com,Action Required: Unusual Sign-In Detected,"Dear User,

We detected an unusual sign-in attempt on your email account from a new
device on *03 January 2026*.

For your protection, access to some features has been temporarily limited.
What you need to do:

Please verify your account activity within *30 minutes* to avoid permanent
suspension.

👉 Verify Account Access:
https://secure-account-verify[.]example-login[.]net

If this activity was not confirmed, your account may be disabled
automatically to prevent unauthorized use.

**Failure to verify may result in:
","Sun, 4 Jan 2026 22:59:44 +0545"
5,inbox,MUKESH MAHARJAN <it.ktm@bwnepal.com>,"""filter420m@gmail.com"" <filter420m@gmail.com>",Fw: MOD Report of 14.12.2025,"

Dear  Ji    mukskskks

Greetings of the Day!

I hope this email finds you well.

I appreciate you taking the time to look into this and look forward to your support.

Best Regards,

Mukesh Maharjan | Asst Manager Network & System | it.ktm@bwnepal.com<mailto:it.ktm@bwnepal.com>
Kathmandu Hotel
Pingalasthan, Tilganga Marg | Kathmandu
P: 01-5971499
Reservations: reservations.ktm@bwnepal.com<mailto:reservations.ktm@bwnepal.com>
Best Western Hotels & Resorts<https://www.bestwestern.com/en_US/book/hotels-in-kathmandu/best-western-plus-kathmandu-hotel/propertyCode.78736.html><https://www.bestwestern.com/en_US/book/hotels-in-kathmandu/best-western-plus-kathmandu-hotel/propertyCode.78736.html> | bestwestern.com<https://www.bestwestern.com/en_US.html>

[cid:ea4fc880-c763-4d2a-866e-eb357a6fb254]




________________________________
From: Duty Manager FO <dm.ktm@bwnepal.com>
Sent: Sunday, December 14, 2025 10:00 PM
To: Jatin Shrestha <gm.ktm@bwnepal.com>; Bachchuram Chaulagain <afnb.ktm@bwnepal.com>; BQT KTM <bqt.ktm@bwnepal.com>; Umesh Shrestha <sales2.ktm@bwnepal.com>; MUKESH MAHARJAN <it.ktm@bwnepal.com>; SANGEETA SHRESTHA <reservations.ktm@bwnepal.com>; Sailesh KC <ufc.ktm@bwnepal.com>; Fron <afom.ktm@bwnepal.com>; Birkha ji <exechef.ktm@bwnepal.com>; Nisha Tamang <sales1.ktm@bwnepal.com>; Raj Basnet <ehk.ktm@bwnepal.com>; dosm.ktm@bwnepal.com <dosm.ktm@bwnepal.com>; Hari Lamsal <cer.ktm@bwnepal.com>; NIKKI SHRETSHA <lnd.ktm@bwnepal.com>
Subject: MOD Report of 14.12.2025

Respected All,

Hope this email finds you well.

Please find the attached MOD report for the date 14.12.2025.

Thank you.


Best Regards,

Sudish Shrestha | Duty Manager | dm.ktm@bwnepal.com<mailto:dm.ktm@bwnepal.com>
Kathmandu Hotel
Pingalasthan,Tilganga Marg | Kathmandu
P: 01-5971499
Reservations: reservations.ktm@bwnepal.com<mailto:reservations.ktm@bwnepal.com>
Best Western Hotels & Resorts<https://www.bestwestern.com/en_US/book/hotels-in-kathmandu/best-western-plus-kathmandu-hotel/propertyCode.78736.html><https://www.bestwestern.com/en_US/book/hotels-in-kathmandu/best-western-plus-kathmandu-hotel/propertyCode.78736.html> | bestwestern.com<https://www.bestwestern.com/en_US.html>

[cid:888866ac-2709-4beb-a374-df2ce1435fff]
","Sun, 14 Dec 2025 17:29:40 +0000"
4,spam,Rev <revm.ktm@bwnepal.com>,"""filter420m@gmail.com"" <filter420m@gmail.com>",Immediate Action Required,"Dear User,
We detected unusual activity on your account. Please verify your
information immediately to avoid suspension.

Click here to verify your account.

Thank you,
Account Support Team
","Wed, 17 Dec 2025 15:03:06 +0545"
4,inbox,MUKESH MAHARJAN <it.ktm@bwnepal.com>,"""filter420m@gmail.com"" <filter420m@gmail.com>","Fw: BOB of December,2025 & BOB of Next Year,2026.","

Dear  Ji

Greetings of the Day!

I hope this email finds you well.

I appreciate you taking the time to look into this and look forward to your support.

Best Regards,

Mukesh Maharjan | Asst Manager Network & System | it.ktm@bwnepal.com<mailto:it.ktm@bwnepal.com>
Kathmandu Hotel
Pingalasthan, Tilganga Marg | Kathmandu
P: 01-5971499
Reservations: reservations.ktm@bwnepal.com<mailto:reservations.ktm@bwnepal.com>
Best Western Hotels & Resorts<https://www.bestwestern.com/en_US/book/hotels-in-kathmandu/best-western-plus-kathmandu-hotel/propertyCode.78736.html><https://www.bestwestern.com/en_US/book/hotels-in-kathmandu/best-western-plus-kathmandu-hotel/propertyCode.78736.html> | bestwestern.com<https://www.bestwestern.com/en_US.html>

[cid:4f802a0a-fb7e-4e5c-8f68-7d0a6502e32a]


________________________________
From: Rajesh Paudel <fnb.ktm@bwnepal.com>
Sent: Sunday, December 14, 2025 9:08 PM
To: BQT KTM <bqt.ktm@bwnepal.com>; Elina Adhakari <astt1.ktm@bwnepal.com>; Bachchuram Chaulagain <afnb.ktm@bwnepal.com>; Bidur K Koirala <dfc.ktm@bwnepal.com>; Binisha <marcom.ktm@bwnepal.com>; Birkha ji <exechef.ktm@bwnepal.com>; DEVI NEUPANE <ro.ktm@bwnepal.com>; dosm.ktm@bwnepal.com <dosm.ktm@bwnepal.com>; Duty Manager FO <dm.ktm@bwnepal.com>; Fron <afom.ktm@bwnepal.com>; Front office <fo.ktm@bwnepal.com>; Hari Lamsal <cer.ktm@bwnepal.com>; HEMANTA RAJ <hr.ktm@bwnepal.com>; Kabita ji <ahk.ktm@bwnepal.com>; MUKESH MAHARJAN <it.ktm@bwnepal.com>; NIKKI SHRETSHA <lnd.ktm@bwnepal.com>; Nisha Tamang <sales1.ktm@bwnepal.com>; Raj Basnet <ehk.ktm@bwnepal.com>; Sailesh KC <ufc.ktm@bwnepal.com>; SANGEETA SHRESTHA <reservations.ktm@bwnepal.com>; Umesh Shrestha <sales2.ktm@bwnepal.com>
Cc: Jatin Shrestha <gm.ktm@bwnepal.com>; Bachchuram Chaulagain <afnb.ktm@bwnepal.com>
Subject: BOB of December,2025 & BOB of Next Year,2026.

Dear Team,
Greetings of the Day..!
Kindly find the attached  BOB of December,2025 & BOB of Next Year,2026.

Thank you for your kind cooperation.





Best Regards,

Rajesh Paudel | Outlet Manager | fnb.ktm@bwnepal.com<mailto:fnb.ktm@bwnepal.com>
Kathmandu Hotel
Pingalasthan,Tilganga Marg | Kathmandu
P: 01-5971499
Reservations: reservations.ktm@bwnepal.com<mailto:reservations.ktm@bwnepal.com>
Best Western Hotels & Resorts<https://www.bestwestern.com/en_US/book/hotels-in-kathmandu/best-western-plus-kathmandu-hotel/propertyCode.78736.html><https://www.bestwestern.com/en_US/book/hotels-in-kathmandu/best-western-plus-kathmandu-hotel/propertyCode.78736.html> | bestwestern.com<https://www.bestwestern.com/en_US.html>
[cid:05179f0f-9f30-41ed-8c5f-bfc4935fa85f]

","Sun, 14 Dec 2025 15:27:05 +0000"
3,inbox,Google <no-reply@accounts.google.com>,filter420m@gmail.com,Security alert,"[image: Google]
App password created to sign in to your account


filter420m@gmail.com
If you didn't generate this password for gmail_listner, someone might be
using your account. Check and secure your account now.
Check activity
<https://accounts.google.com/AccountChooser?Email=filter420m@gmail.com&continue=https://myaccount.google.com/alert/nt/1765692670710?rfn%3D20%26rfnc%3D1%26eid%3D5712295871867797917%26et%3D0>
You can also see security activity at
https://myaccount.google.com/notifications
You received this email to let you know about important changes to your
Google Account and services.
© 2025 Google LLC, 1600 Amphitheatre Parkway, Mountain View, CA 94043, USA
","Sun, 14 Dec 2025 06:11:10 GMT"
3,spam,MUKESH MAHARJAN <it.ktm@bwnepal.com>,"""filter420m@gmail.com"" <filter420m@gmail.com>",test,"testt
","Mon, 15 Dec 2025 05:23:57 +0545"
2,inbox,Google <no-reply@accounts.google.com>,filter420m@gmail.com,Security alert,"[image: Google]
Authenticator app added as sign-in step


filter420m@gmail.com
If you didn't add the Authenticator app, someone might be using your
account. Check and secure your account now.
Check activity
<https://accounts.google.com/AccountChooser?Email=filter420m@gmail.com&continue=https://myaccount.google.com/alert/nt/1765692289654?rfn%3D252%26rfnc%3D1%26eid%3D6293767996855459504%26et%3D0>
You can also see security activity at
https://myaccount.google.com/notifications
You received this email to let you know about important changes to your
Google Account and services.
© 2025 Google LLC, 1600 Amphitheatre Parkway, Mountain View, CA 94043, USA
","Sun, 14 Dec 2025 06:04:49 GMT"
1,inbox,Google <no-reply@accounts.google.com>,filter420m@gmail.com,2-Step Verification turned on,"[image: Google]
2-Step Verification turned on


filter420m@gmail.com

Your Google Account filter420m@gmail.com is now protected with 2-Step
Verification. When you sign in on a new or untrusted device, you’ll need
your second factor to verify your identity.

*Don't get locked out!*
You can add a backup phone or get backup codes to use when you don’t have
your second factor with you.
You can review your 2SV settings
<https://accounts.google.com/AccountChooser?Email=filter420m@gmail.com&continue=https://myaccount.google.com/signinoptions/two-step-verification?rfn%3D16%26rfnc%3D1%26eid%3D4840147053478929252%26et%3D0>
to make changes.
You can also see security activity at
https://myaccount.google.com/notifications
You received this email to let you know about important changes to your
Google Account and services.
© 2025 Google LLC, 1600 Amphitheatre Parkway, Mountain View, CA 94043, USA
","Sun, 14 Dec 2025 06:04:12 GMT"
